{
    "cpu_cycles_pass2_start": 855620118009710,
    "cycles_program_begin": 855595251052836,
    "PEModules": [],
    "CompileStrategy": "fullobj",
    "perf": [
        {
            "stat": [
                "main",
                "entry",
                0.011127948760986328,
                0.024389000000000001,
                0.012194,
                203432,
                203432,
                0.0,
                0.0,
                1763762448.2785859,
                855595251381080
            ],
            "sub": [
                {
                    "stat": [
                        "doParsingAndDesignResolution",
                        "entry",
                        0.19160699844360352,
                        0.028645,
                        0.018353000000000001,
                        212468,
                        213268,
                        0.0,
                        0.0,
                        1763762448.459065,
                        855595935870806
                    ],
                    "sub": []
                },
                {
                    "stat": [
                        "doParsingAndDesignResolution",
                        "exit",
                        1.4034991264343262,
                        1.1747639999999999,
                        0.083910999999999999,
                        304592,
                        305240,
                        0.0,
                        0.0,
                        1763762449.6709571,
                        855600532550362
                    ],
                    "sub": []
                },
                {
                    "stat": [
                        "doPostDesignResolutionToVir2Vcs",
                        "entry",
                        1.4036920070648193,
                        1.174946,
                        0.083923999999999999,
                        304592,
                        305240,
                        0.0,
                        0.0,
                        1763762449.67115,
                        855600533096080
                    ],
                    "sub": [
                        {
                            "stat": [
                                "doUptoVir2VcsNoSepCleanup",
                                "entry",
                                2.3007609844207764,
                                2.0638390000000002,
                                0.092085,
                                308264,
                                308908,
                                0.0,
                                0.0,
                                1763762450.5682189,
                                855603935763254
                            ],
                            "sub": []
                        },
                        {
                            "stat": [
                                "doUptoVir2VcsNoSepCleanup",
                                "exit",
                                6.0828020572662354,
                                5.7369900000000005,
                                0.19989499999999999,
                                327324,
                                339660,
                                0.0,
                                0.0,
                                1763762454.35026,
                                855618280645740
                            ],
                            "sub": []
                        },
                        {
                            "stat": [
                                "doRadify_vir2vcsAll",
                                "entry",
                                6.082909107208252,
                                5.7370950000000001,
                                0.19989799999999999,
                                327324,
                                339660,
                                0.0,
                                0.0,
                                1763762454.3503671,
                                855618280825822
                            ],
                            "sub": []
                        },
                        {
                            "stat": [
                                "doRadify_vir2vcsAll",
                                "exit",
                                6.5246131420135498,
                                5.9947299999999997,
                                0.38391799999999998,
                                385956,
                                385956,
                                0.0,
                                0.0,
                                1763762454.7920711,
                                855619956399342
                            ],
                            "sub": []
                        }
                    ]
                },
                {
                    "stat": [
                        "doPostDesignResolutionToVir2Vcs",
                        "exit",
                        6.5246999263763428,
                        5.994815,
                        0.38392399999999999,
                        385956,
                        385956,
                        0.0,
                        0.0,
                        1763762454.7921579,
                        855619956471770
                    ],
                    "sub": []
                },
                {
                    "stat": [
                        "doGAToPass2",
                        "entry",
                        6.5249130725860596,
                        5.9950150000000004,
                        0.383936,
                        385956,
                        385956,
                        0.0,
                        0.0,
                        1763762454.792371,
                        855619957646122
                    ],
                    "sub": [
                        {
                            "stat": [
                                "DoPass2",
                                "entry",
                                6.5672569274902344,
                                6.0100680000000004,
                                0.391874,
                                370528,
                                385956,
                                0.0096039999999999997,
                                0.010218,
                                1763762454.8347149,
                                855620117990444
                            ],
                            "sub": []
                        },
                        {
                            "stat": [
                                "DoPass2",
                                "exit",
                                7.5200350284576416,
                                6.9486170000000005,
                                0.40390199999999998,
                                379600,
                                385956,
                                0.011776999999999999,
                                0.010218,
                                1763762455.787493,
                                855623731722198
                            ],
                            "sub": []
                        }
                    ]
                },
                {
                    "stat": [
                        "doGAToPass2",
                        "exit",
                        7.5271320343017578,
                        6.9518610000000001,
                        0.40775699999999998,
                        381528,
                        385956,
                        0.011776999999999999,
                        0.010218,
                        1763762455.79459,
                        855623758628364
                    ],