{
    "cpu_cycles_pass2_start": 860275166335738,
    "cycles_program_begin": 860250486429166,
    "CurCompileModules": [
        "...MASTER...",
        "vcs_paramclassrepository",
        "_vcs_DPI_package",
        "std",
        "uvm_pkg",
        "riscv_signature_pkg",
        "riscv_instr_pkg",
        "riscv_instr_test_pkg",
        "riscv_instr_gen_tb_top"
    ],
    "perf": [
        {
            "stat": [
                "main",
                "entry",
                0.013137102127075195,
                0.030359000000000001,
                0.011384,
                203432,
                203432,
                0.0,
                0.0,
                1763763675.625839,
                860250486795068
            ],
            "sub": [
                {
                    "stat": [
                        "doParsingAndDesignResolution",
                        "entry",
                        0.13797616958618164,
                        0.036441000000000001,
                        0.016195999999999999,
                        212468,
                        213268,
                        0.0,
                        0.0,
                        1763763675.7506781,
                        860250960232394
                    ],
                    "sub": []
                },
                {
                    "stat": [
                        "doParsingAndDesignResolution",
                        "exit",
                        1.3816041946411133,
                        1.1878199999999999,
                        0.107983,
                        304592,
                        305240,
                        0.0,
                        0.0,
                        1763763676.9943061,
                        860255677373262
                    ],
                    "sub": []
                },
                {
                    "stat": [
                        "doPostDesignResolutionToVir2Vcs",
                        "entry",
                        1.3818080425262451,
                        1.1880090000000001,
                        0.108,
                        304592,
                        305240,
                        0.0,
                        0.0,
                        1763763676.9945099,
                        860255677952838
                    ],
                    "sub": [
                        {
                            "stat": [
                                "doUptoVir2VcsNoSepCleanup",
                                "entry",
                                2.3205850124359131,
                                2.1065469999999999,
                                0.12815399999999999,
                                308264,
                                308908,
                                0.0,
                                0.0,
                                1763763677.9332869,
                                860259238876560
                            ],
                            "sub": []
                        },
                        {
                            "stat": [
                                "doUptoVir2VcsNoSepCleanup",
                                "exit",
                                6.0797500610351562,
                                5.8043310000000004,
                                0.18801000000000001,
                                327324,
                                339660,
                                0.0,
                                0.0,
                                1763763681.692452,
                                860273497198012
                            ],
                            "sub": []
                        },
                        {
                            "stat": [
                                "doRadify_vir2vcsAll",
                                "entry",
                                6.0798461437225342,
                                5.8044260000000003,
                                0.18801300000000001,
                                327324,
                                339660,
                                0.0,
                                0.0,
                                1763763681.692548,
                                860273497354002
                            ],
                            "sub": []
                        },
                        {
                            "stat": [
                                "doRadify_vir2vcsAll",
                                "exit",
                                6.476294994354248,
                                6.1608599999999996,
                                0.22803100000000001,
                                385948,
                                385948,
                                0.0,
                                0.0,
                                1763763682.0889969,
                                860275001387390
                            ],
                            "sub": []
                        }
                    ]
                },
                {
                    "stat": [
                        "doPostDesignResolutionToVir2Vcs",
                        "exit",
                        6.4764029979705811,
                        6.1609670000000003,
                        0.22803499999999999,
                        385948,
                        385948,
                        0.0,
                        0.0,
                        1763763682.0891049,
                        860275001466924
                    ],
                    "sub": []
                },
                {
                    "stat": [
                        "doGAToPass2",
                        "entry",
                        6.4766781330108643,
                        6.161232,
                        0.228045,
                        385948,
                        385948,
                        0.0,
                        0.0,
                        1763763682.08938,
                        860275002941058
                    ],
                    "sub": [
                        {
                            "stat": [
                                "DoPass2",
                                "entry",
                                6.5198330879211426,
                                6.1730260000000001,
                                0.23988399999999999,
                                370520,
                                385948,
                                0.015737999999999999,
                                0.0042090000000000001,
                                1763763682.132535,
                                860275166315636
                            ],
                            "sub": []
                        },
                        {
                            "stat": [
                                "DoPass2",
                                "exit",
                                7.5072660446166992,
                                7.125947,
                                0.27192100000000002,
                                379592,
                                385948,
                                0.015737999999999999,
                                0.0064700000000000001,
                                1763763683.1199679,
                                860278911500958
                            ],