{
    "incremental": "on",
    "cycles_program_begin": 852213237368466,
    "stat": {
        "ru_self_end": {
            "ru_stime_sec": 0.22418399999999999,
            "ru_utime_sec": 7.0898389999999996,
            "ru_nivcsw": 24,
            "ru_minflt": 58026,
            "ru_maxrss_kb": 284276,
            "ru_majflt": 0,
            "ru_nvcsw": 32
        },
        "nQuads": 249935,
        "ru_self_cgstart": {
            "ru_stime_sec": 0.20416300000000001,
            "ru_utime_sec": 6.1598810000000004,
            "ru_nivcsw": 22,
            "ru_minflt": 51441,
            "ru_maxrss_kb": 281760,
            "ru_majflt": 0,
            "ru_nvcsw": 29
        },
        "nMops": 638811,
        "ru_childs_cgstart": {
            "ru_stime_sec": 0.012512000000000001,
            "ru_utime_sec": 0.0083169999999999997,
            "ru_nivcsw": 0,
            "ru_minflt": 3368,
            "ru_maxrss_kb": 281760,
            "ru_majflt": 0,
            "ru_nvcsw": 17
        },
        "totalObjSize": 517506,
        "cpu_cycles_cgstart": 852238242100974,
        "ru_childs_end": {
            "ru_stime_sec": 0.014638,
            "ru_utime_sec": 0.0083169999999999997,
            "ru_nivcsw": 0,
            "ru_minflt": 3597,
            "ru_maxrss_kb": 281760,
            "ru_majflt": 0,
            "ru_nvcsw": 18
        },
        "mopSpeed": 686924.57078706846,
        "mop/quad": 2.5559085362194169,
        "realTime": 7.5565872192382812,
        "cpu_cycles_end": 852241857157938,
        "cpu_cycles_total": 28619789472,
        "quadSpeed": 268759.44935147633,
        "outputSizePerQuad": 2.0705623462100147,
        "Frontend(%)": 86.898597325840683,
        "CodeGen(%)": 13.101402674159306,
        "peak_mem_kb": 385948
    },
    "LVLData": [
        "SIM"
    ],
    "perf": [
        {
            "stat": [
                "main",
                "entry",
                0.0111541748046875,
                0.024712000000000001,
                0.012503,
                203428,
                203428,
                0.0,
                0.0,
                1763761556.5882571,
                852213237712708
            ],
            "sub": [
                {
                    "stat": [
                        "doParsingAndDesignResolution",
                        "entry",
                        0.26590299606323242,
                        0.029082,
                        0.018872,
                        212464,
                        213264,
                        0.0,
                        0.0,
                        1763761556.8430059,
                        852214203925390
                    ],
                    "sub": []
                },
                {
                    "stat": [
                        "doParsingAndDesignResolution",
                        "exit",
                        1.4731481075286865,
                        1.1710799999999999,
                        0.083933999999999995,
                        304584,
                        305232,
                        0.0,
                        0.0,
                        1763761558.050251,
                        852218783098460
                    ],
                    "sub": []
                },
                {
                    "stat": [
                        "doPostDesignResolutionToVir2Vcs",
                        "entry",
                        1.4733641147613525,
                        1.1712830000000001,
                        0.083947999999999995,
                        304584,
                        305232,
                        0.0,
                        0.0,
                        1763761558.050467,
                        852218783716834
                    ],
                    "sub": [
                        {
                            "stat": [
                                "doUptoVir2VcsNoSepCleanup",
                                "entry",
                                2.3870651721954346,
                                2.064832,
                                0.104056,
                                308228,
                                308872,
                                0.0,
                                0.0,
                                1763761558.9641681,
                                852222249577078
                            ],
                            "sub": []
                        },
                        {
                            "stat": [
                                "doUptoVir2VcsNoSepCleanup",
                                "exit",
                                6.1659200191497803,
                                5.7828800000000005,
                                0.164081,
                                327324,
                                339660,
                                0.0,
                                0.0,
                                1763761562.7430229,
                                852236582745910
                            ],
                            "sub": []
                        },
                        {
                            "stat": [
                                "doRadify_vir2vcsAll",
                                "entry",
                                6.1660220623016357,
                                5.7829839999999999,
                                0.16408400000000001,
                                327324,
                                339660,
                                0.0,
                                0.0,
                                1763761562.743125,
                                852236582891070
                            ],
                            "sub": []
                        },
                        {
                            "stat": [
                                "doRadify_vir2vcsAll",
                                "exit",
                                6.5597870349884033,
                                6.1366430000000003,
                                0.204154,
                                385948,
                                385948,
                                0.0,
                                0.0,
                                1763761563.1368899,
                                852238076701052
                            ],
                            "sub": []
                        }
                    ]
                },
                {
                    "stat": [
                        "doPostDesignResolutionToVir2Vcs",
                        "exit",
                        6.5598771572113037,
                        6.1367349999999998,
                        0.20415700000000001,
                        385948,
                        385948,
                        0.0,
                        0.0,
                        1763761563.1369801,
                        852238076777394
                    ],
                    "sub": []
                },
                {
                    "stat": [
                        "doGAToPass2",
                        "entry",
                        6.5600612163543701,
                        6.1369129999999998,
                        0.20416300000000001,
                        385948,
                        385948,
                        0.0,
                        0.0,
                        1763761563.1371641,
                        852238077719414
                    ],