*** Start analyzing build configuration ***
Auto-config - Scanning: E:\Course\Lund\ICP\ICP2\ICP2_verify\top_tb
Auto-config - VLOG: E:\Course\Lund\ICP\ICP2\ICP2_verify\top_tb
Auto-config - Wrote:
    E:\Course\Lund\ICP\ICP2\ICP2_verify\top_tb\.dvt\default.build.auto.1
*** List of included argument files ***
    Build configuration file:  E:\Course\Lund\ICP\ICP2\ICP2_verify\top_tb\.dvt\default.build
    -f E:\Course\Lund\ICP\ICP2\ICP2_verify\top_tb\.dvt\default.build.auto.1
*** List of invocations ***
Invocation #1 +dvt_init+dvt in E:\Course\Lund\ICP\ICP2\ICP2_verify\top_tb\.dvt\default.build.auto.1 at line 9
*** Done analyzing build configuration [38 ms] ***
*** Start SystemVerilog build ***
*** Loading top files ***
Loading (1) E:\dvt\D-V-T Install package\dvt_eclipse\predefined_projects\libs\uvm-1.2\src\uvm_pkg.sv ...
Loading (2) E:\dvt\D-V-T Install package\dvt_eclipse\predefined_projects\libs\uvm-1.2\src\uvm_macros.svh ...
Loading (3) E:\dvt\D-V-T Install package\dvt_eclipse\predefined_projects\libs\uvm-1.2\src\macros\uvm_version_defines.svh ...
Done E:\dvt\D-V-T Install package\dvt_eclipse\predefined_projects\libs\uvm-1.2\src\macros\uvm_version_defines.svh [72 ms, 151 lines, SystemVerilog_2012] ...
Loading (4) E:\dvt\D-V-T Install package\dvt_eclipse\predefined_projects\libs\uvm-1.2\src\macros\uvm_global_defines.svh ...
Done E:\dvt\D-V-T Install package\dvt_eclipse\predefined_projects\libs\uvm-1.2\src\macros\uvm_global_defines.svh [0 ms, 61 lines, SystemVerilog_2012] ...
Loading (5) E:\dvt\D-V-T Install package\dvt_eclipse\predefined_projects\libs\uvm-1.2\src\macros\uvm_message_defines.svh ...
Done E:\dvt\D-V-T Install package\dvt_eclipse\predefined_projects\libs\uvm-1.2\src\macros\uvm_message_defines.svh [0 ms, 539 lines, SystemVerilog_2012] ...
Loading (6) E:\dvt\D-V-T Install package\dvt_eclipse\predefined_projects\libs\uvm-1.2\src\macros\uvm_phase_defines.svh ...
Done E:\dvt\D-V-T Install package\dvt_eclipse\predefined_projects\libs\uvm-1.2\src\macros\uvm_phase_defines.svh [0 ms, 130 lines, SystemVerilog_2012] ...
Loading (7) E:\dvt\D-V-T Install package\dvt_eclipse\predefined_projects\libs\uvm-1.2\src\macros\uvm_object_defines.svh ...
Done E:\dvt\D-V-T Install package\dvt_eclipse\predefined_projects\libs\uvm-1.2\src\macros\uvm_object_defines.svh [0 ms, 3815 lines, SystemVerilog_2012] ...
Loading (8) E:\dvt\D-V-T Install package\dvt_eclipse\predefined_projects\libs\uvm-1.2\src\macros\uvm_printer_defines.svh ...
Done E:\dvt\D-V-T Install package\dvt_eclipse\predefined_projects\libs\uvm-1.2\src\macros\uvm_printer_defines.svh [0 ms, 423 lines, SystemVerilog_2012] ...
Loading (9) E:\dvt\D-V-T Install package\dvt_eclipse\predefined_projects\libs\uvm-1.2\src\macros\uvm_tlm_defines.svh ...
Loading (10) E:\dvt\D-V-T Install package\dvt_eclipse\predefined_projects\libs\uvm-1.2\src\tlm1\uvm_tlm_imps.svh ...
Done E:\dvt\D-V-T Install package\dvt_eclipse\predefined_projects\libs\uvm-1.2\src\tlm1\uvm_tlm_imps.svh [0 ms, 229 lines, SystemVerilog_2012] ...
Done E:\dvt\D-V-T Install package\dvt_eclipse\predefined_projects\libs\uvm-1.2\src\macros\uvm_tlm_defines.svh [0 ms, 617 lines, SystemVerilog_2012] ...
Loading (11) E:\dvt\D-V-T Install package\dvt_eclipse\predefined_projects\libs\uvm-1.2\src\macros\uvm_sequence_defines.svh ...
Done E:\dvt\D-V-T Install package\dvt_eclipse\predefined_projects\libs\uvm-1.2\src\macros\uvm_sequence_defines.svh [0 ms, 456 lines, SystemVerilog_2012] ...
Loading (12) E:\dvt\D-V-T Install package\dvt_eclipse\predefined_projects\libs\uvm-1.2\src\macros\uvm_callback_defines.svh ...
Done E:\dvt\D-V-T Install package\dvt_eclipse\predefined_projects\libs\uvm-1.2\src\macros\uvm_callback_defines.svh [0 ms, 301 lines, SystemVerilog_2012] ...
Loading (13) E:\dvt\D-V-T Install package\dvt_eclipse\predefined_projects\libs\uvm-1.2\src\macros\uvm_reg_defines.svh ...
Done E:\dvt\D-V-T Install package\dvt_eclipse\predefined_projects\libs\uvm-1.2\src\macros\uvm_reg_defines.svh [0 ms, 69 lines, SystemVerilog_2012] ...
Loading (14) E:\dvt\D-V-T Install package\dvt_eclipse\predefined_projects\libs\uvm-1.2\src\macros\uvm_deprecated_defines.svh ...
Done E:\dvt\D-V-T Install package\dvt_eclipse\predefined_projects\libs\uvm-1.2\src\macros\uvm_deprecated_defines.svh [0 ms, 252 lines, SystemVerilog_2012] ...
Done E:\dvt\D-V-T Install package\dvt_eclipse\predefined_projects\libs\uvm-1.2\src\uvm_macros.svh [0 ms, 82 lines, SystemVerilog_2012] ...
Loading (15) E:\dvt\D-V-T Install package\dvt_eclipse\predefined_projects\libs\uvm-1.2\src\dpi\uvm_dpi.svh ...
Loading (16) E:\dvt\D-V-T Install package\dvt_eclipse\predefined_projects\libs\uvm-1.2\src\dpi\uvm_hdl.svh ...
Done E:\dvt\D-V-T Install package\dvt_eclipse\predefined_projects\libs\uvm-1.2\src\dpi\uvm_hdl.svh [4 ms, 164 lines, SystemVerilog_2012] ...
Loading (17) E:\dvt\D-V-T Install package\dvt_eclipse\predefined_projects\libs\uvm-1.2\src\dpi\uvm_svcmd_dpi.svh ...
Done E:\dvt\D-V-T Install package\dvt_eclipse\predefined_projects\libs\uvm-1.2\src\dpi\uvm_svcmd_dpi.svh [1 ms, 66 lines, SystemVerilog_2012] ...
Loading (18) E:\dvt\D-V-T Install package\dvt_eclipse\predefined_projects\libs\uvm-1.2\src\dpi\uvm_regex.svh ...
Done E:\dvt\D-V-T Install package\dvt_eclipse\predefined_projects\libs\uvm-1.2\src\dpi\uvm_regex.svh [0 ms, 89 lines, SystemVerilog_2012] ...
Done E:\dvt\D-V-T Install package\dvt_eclipse\predefined_projects\libs\uvm-1.2\src\dpi\uvm_dpi.svh [0 ms, 44 lines, SystemVerilog_2012] ...
Loading (19) E:\dvt\D-V-T Install package\dvt_eclipse\predefined_projects\libs\uvm-1.2\src\base\uvm_base.svh ...
Loading (20) E:\dvt\D-V-T Install package\dvt_eclipse\predefined_projects\libs\uvm-1.2\src\base\uvm_coreservice.svh ...
Done E:\dvt\D-V-T Install package\dvt_eclipse\predefined_projects\libs\uvm-1.2\src\base\uvm_coreservice.svh [2 ms, 224 lines, SystemVerilog_2012] ...
Loading (21) E:\dvt\D-V-T Install package\dvt_eclipse\predefined_projects\libs\uvm-1.2\src\base\uvm_version.svh ...
Done E:\dvt\D-V-T Install package\dvt_eclipse\predefined_projects\libs\uvm-1.2\src\base\uvm_version.svh [0 ms, 39 lines, SystemVerilog_2012] ...
Loading (22) E:\dvt\D-V-T Install package\dvt_eclipse\predefined_projects\libs\uvm-1.2\src\base\uvm_object_globals.svh ...
Done E:\dvt\D-V-T Install package\dvt_eclipse\predefined_projects\libs\uvm-1.2\src\base\uvm_object_globals.svh [2 ms, 658 lines, SystemVerilog_2012] ...
Loading (23) E:\dvt\D-V-T Install package\dvt_eclipse\predefined_projects\libs\uvm-1.2\src\base\uvm_misc.svh ...
Done E:\dvt\D-V-T Install package\dvt_eclipse\predefined_projects\libs\uvm-1.2\src\base\uvm_misc.svh [7 ms, 754 lines, SystemVerilog_2012] ...
Loading (24) E:\dvt\D-V-T Install package\dvt_eclipse\predefined_projects\libs\uvm-1.2\src\base\uvm_object.svh ...
Done E:\dvt\D-V-T Install package\dvt_eclipse\predefined_projects\libs\uvm-1.2\src\base\uvm_object.svh [7 ms, 1331 lines, SystemVerilog_2012] ...
Loading (25) E:\dvt\D-V-T Install package\dvt_eclipse\predefined_projects\libs\uvm-1.2\src\base\uvm_pool.svh ...
Done E:\dvt\D-V-T Install package\dvt_eclipse\predefined_projects\libs\uvm-1.2\src\base\uvm_pool.svh [2 ms, 348 lines, SystemVerilog_2012] ...
Loading (26) E:\dvt\D-V-T Install package\dvt_eclipse\predefined_projects\libs\uvm-1.2\src\base\uvm_queue.svh ...
Done E:\dvt\D-V-T Install package\dvt_eclipse\predefined_projects\libs\uvm-1.2\src\base\uvm_queue.svh [1 ms, 204 lines, SystemVerilog_2012] ...
Loading (27) E:\dvt\D-V-T Install package\dvt_eclipse\predefined_projects\libs\uvm-1.2\src\base\uvm_factory.svh ...
Done E:\dvt\D-V-T Install package\dvt_eclipse\predefined_projects\libs\uvm-1.2\src\base\uvm_factory.svh [11 ms, 1790 lines, SystemVerilog_2012] ...
Loading (28) E:\dvt\D-V-T Install package\dvt_eclipse\predefined_projects\libs\uvm-1.2\src\base\uvm_registry.svh ...
Done E:\dvt\D-V-T Install package\dvt_eclipse\predefined_projects\libs\uvm-1.2\src\base\uvm_registry.svh [3 ms, 381 lines, SystemVerilog_2012] ...
Loading (29) E:\dvt\D-V-T Install package\dvt_eclipse\predefined_projects\libs\uvm-1.2\src\base\uvm_spell_chkr.svh ...
Done E:\dvt\D-V-T Install package\dvt_eclipse\predefined_projects\libs\uvm-1.2\src\base\uvm_spell_chkr.svh [1 ms, 204 lines, SystemVerilog_2012] ...
Loading (30) E:\dvt\D-V-T Install package\dvt_eclipse\predefined_projects\libs\uvm-1.2\src\base\uvm_resource.svh ...
Done E:\dvt\D-V-T Install package\dvt_eclipse\predefined_projects\libs\uvm-1.2\src\base\uvm_resource.svh [11 ms, 1695 lines, SystemVerilog_2012] ...
Loading (31) E:\dvt\D-V-T Install package\dvt_eclipse\predefined_projects\libs\uvm-1.2\src\base\uvm_resource_specializations.svh ...
Done E:\dvt\D-V-T Install package\dvt_eclipse\predefined_projects\libs\uvm-1.2\src\base\uvm_resource_specializations.svh [3 ms, 171 lines, SystemVerilog_2012] ...
Loading (32) E:\dvt\D-V-T Install package\dvt_eclipse\predefined_projects\libs\uvm-1.2\src\base\uvm_resource_db.svh ...
Done E:\dvt\D-V-T Install package\dvt_eclipse\predefined_projects\libs\uvm-1.2\src\base\uvm_resource_db.svh [3 ms, 400 lines, SystemVerilog_2012] ...
Loading (33) E:\dvt\D-V-T Install package\dvt_eclipse\predefined_projects\libs\uvm-1.2\src\base\uvm_config_db.svh ...
Done E:\dvt\D-V-T Install package\dvt_eclipse\predefined_projects\libs\uvm-1.2\src\base\uvm_config_db.svh [3 ms, 411 lines, SystemVerilog_2012] ...
Loading (34) E:\dvt\D-V-T Install package\dvt_eclipse\predefined_projects\libs\uvm-1.2\src\base\uvm_printer.svh ...
Done E:\dvt\D-V-T Install package\dvt_eclipse\predefined_projects\libs\uvm-1.2\src\base\uvm_printer.svh [8 ms, 1232 lines, SystemVerilog_2012] ...
Loading (35) E:\dvt\D-V-T Install package\dvt_eclipse\predefined_projects\libs\uvm-1.2\src\base\uvm_comparer.svh ...
Done E:\dvt\D-V-T Install package\dvt_eclipse\predefined_projects\libs\uvm-1.2\src\base\uvm_comparer.svh [3 ms, 423 lines, SystemVerilog_2012] ...
Loading (36) E:\dvt\D-V-T Install package\dvt_eclipse\predefined_projects\libs\uvm-1.2\src\base\uvm_packer.svh ...
Done E:\dvt\D-V-T Install package\dvt_eclipse\predefined_projects\libs\uvm-1.2\src\base\uvm_packer.svh [6 ms, 1038 lines, SystemVerilog_2012] ...
Loading (37) E:\dvt\D-V-T Install package\dvt_eclipse\predefined_projects\libs\uvm-1.2\src\base\uvm_links.svh ...
Done E:\dvt\D-V-T Install package\dvt_eclipse\predefined_projects\libs\uvm-1.2\src\base\uvm_links.svh [3 ms, 371 lines, SystemVerilog_2012] ...
Loading (38) E:\dvt\D-V-T Install package\dvt_eclipse\predefined_projects\libs\uvm-1.2\src\base\uvm_tr_database.svh ...
Done E:\dvt\D-V-T Install package\dvt_eclipse\predefined_projects\libs\uvm-1.2\src\base\uvm_tr_database.svh [4 ms, 433 lines, SystemVerilog_2012] ...
Loading (39) E:\dvt\D-V-T Install package\dvt_eclipse\predefined_projects\libs\uvm-1.2\src\base\uvm_tr_stream.svh ...
Done E:\dvt\D-V-T Install package\dvt_eclipse\predefined_projects\libs\uvm-1.2\src\base\uvm_tr_stream.svh [5 ms, 592 lines, SystemVerilog_2012] ...
Loading (40) E:\dvt\D-V-T Install package\dvt_eclipse\predefined_projects\libs\uvm-1.2\src\base\uvm_recorder.svh ...
Done E:\dvt\D-V-T Install package\dvt_eclipse\predefined_projects\libs\uvm-1.2\src\base\uvm_recorder.svh [7 ms, 1141 lines, SystemVerilog_2012] ...
Loading (41) E:\dvt\D-V-T Install package\dvt_eclipse\predefined_projects\libs\uvm-1.2\src\base\uvm_event_callback.svh ...
Done E:\dvt\D-V-T Install package\dvt_eclipse\predefined_projects\libs\uvm-1.2\src\base\uvm_event_callback.svh [0 ms, 91 lines, SystemVerilog_2012] ...
Loading (42) E:\dvt\D-V-T Install package\dvt_eclipse\predefined_projects\libs\uvm-1.2\src\base\uvm_event.svh ...
Done E:\dvt\D-V-T Install package\dvt_eclipse\predefined_projects\libs\uvm-1.2\src\base\uvm_event.svh [2 ms, 395 lines, SystemVerilog_2012] ...
Loading (43) E:\dvt\D-V-T Install package\dvt_eclipse\predefined_projects\libs\uvm-1.2\src\base\uvm_barrier.svh ...
Done E:\dvt\D-V-T Install package\dvt_eclipse\predefined_projects\libs\uvm-1.2\src\base\uvm_barrier.svh [1 ms, 210 lines, SystemVerilog_2012] ...
Loading (44) E:\dvt\D-V-T Install package\dvt_eclipse\predefined_projects\libs\uvm-1.2\src\base\uvm_callback.svh ...
Loading (45) E:\dvt\D-V-T Install package\dvt_eclipse\predefined_projects\libs\uvm-1.2\src\uvm_macros.svh ...
Done E:\dvt\D-V-T Install package\dvt_eclipse\predefined_projects\libs\uvm-1.2\src\uvm_macros.svh [0 ms, 82 lines, SystemVerilog_2012] ...
Done E:\dvt\D-V-T Install package\dvt_eclipse\predefined_projects\libs\uvm-1.2\src\base\uvm_callback.svh [14 ms, 1199 lines, SystemVerilog_2012] ...
Loading (46) E:\dvt\D-V-T Install package\dvt_eclipse\predefined_projects\libs\uvm-1.2\src\base\uvm_report_message.svh ...
Done E:\dvt\D-V-T Install package\dvt_eclipse\predefined_projects\libs\uvm-1.2\src\base\uvm_report_message.svh [9 ms, 940 lines, SystemVerilog_2012] ...
Loading (47) E:\dvt\D-V-T Install package\dvt_eclipse\predefined_projects\libs\uvm-1.2\src\base\uvm_report_catcher.svh ...
Done E:\dvt\D-V-T Install package\dvt_eclipse\predefined_projects\libs\uvm-1.2\src\base\uvm_report_catcher.svh [6 ms, 713 lines, SystemVerilog_2012] ...
Loading (48) E:\dvt\D-V-T Install package\dvt_eclipse\predefined_projects\libs\uvm-1.2\src\base\uvm_report_server.svh ...
Done E:\dvt\D-V-T Install package\dvt_eclipse\predefined_projects\libs\uvm-1.2\src\base\uvm_report_server.svh [8 ms, 923 lines, SystemVerilog_2012] ...
Loading (49) E:\dvt\D-V-T Install package\dvt_eclipse\predefined_projects\libs\uvm-1.2\src\base\uvm_report_handler.svh ...
Done E:\dvt\D-V-T Install package\dvt_eclipse\predefined_projects\libs\uvm-1.2\src\base\uvm_report_handler.svh [13 ms, 801 lines, SystemVerilog_2012] ...
Loading (50) E:\dvt\D-V-T Install package\dvt_eclipse\predefined_projects\libs\uvm-1.2\src\base\uvm_report_object.svh ...
Done E:\dvt\D-V-T Install package\dvt_eclipse\predefined_projects\libs\uvm-1.2\src\base\uvm_report_object.svh [4 ms, 660 lines, SystemVerilog_2012] ...
Loading (51) E:\dvt\D-V-T Install package\dvt_eclipse\predefined_projects\libs\uvm-1.2\src\base\uvm_transaction.svh ...
Done E:\dvt\D-V-T Install package\dvt_eclipse\predefined_projects\libs\uvm-1.2\src\base\uvm_transaction.svh [3 ms, 781 lines, SystemVerilog_2012] ...
Loading (52) E:\dvt\D-V-T Install package\dvt_eclipse\predefined_projects\libs\uvm-1.2\src\base\uvm_phase.svh ...
Done E:\dvt\D-V-T Install package\dvt_eclipse\predefined_projects\libs\uvm-1.2\src\base\uvm_phase.svh [23 ms, 2254 lines, SystemVerilog_2012] ...
Loading (53) E:\dvt\D-V-T Install package\dvt_eclipse\predefined_projects\libs\uvm-1.2\src\base\uvm_domain.svh ...
Done E:\dvt\D-V-T Install package\dvt_eclipse\predefined_projects\libs\uvm-1.2\src\base\uvm_domain.svh [2 ms, 219 lines, SystemVerilog_2012] ...
Loading (54) E:\dvt\D-V-T Install package\dvt_eclipse\predefined_projects\libs\uvm-1.2\src\base\uvm_bottomup_phase.svh ...
Done E:\dvt\D-V-T Install package\dvt_eclipse\predefined_projects\libs\uvm-1.2\src\base\uvm_bottomup_phase.svh [1 ms, 113 lines, SystemVerilog_2012] ...
Loading (55) E:\dvt\D-V-T Install package\dvt_eclipse\predefined_projects\libs\uvm-1.2\src\base\uvm_topdown_phase.svh ...
Done E:\dvt\D-V-T Install package\dvt_eclipse\predefined_projects\libs\uvm-1.2\src\base\uvm_topdown_phase.svh [1 ms, 115 lines, SystemVerilog_2012] ...
Loading (56) E:\dvt\D-V-T Install package\dvt_eclipse\predefined_projects\libs\uvm-1.2\src\base\uvm_task_phase.svh ...
Done E:\dvt\D-V-T Install package\dvt_eclipse\predefined_projects\libs\uvm-1.2\src\base\uvm_task_phase.svh [1 ms, 162 lines, SystemVerilog_2012] ...
Loading (57) E:\dvt\D-V-T Install package\dvt_eclipse\predefined_projects\libs\uvm-1.2\src\base\uvm_common_phases.svh ...
Done E:\dvt\D-V-T Install package\dvt_eclipse\predefined_projects\libs\uvm-1.2\src\base\uvm_common_phases.svh [2 ms, 452 lines, SystemVerilog_2012] ...
Loading (58) E:\dvt\D-V-T Install package\dvt_eclipse\predefined_projects\libs\uvm-1.2\src\base\uvm_runtime_phases.svh ...
Done E:\dvt\D-V-T Install package\dvt_eclipse\predefined_projects\libs\uvm-1.2\src\base\uvm_runtime_phases.svh [2 ms, 556 lines, SystemVerilog_2012] ...
Loading (59) E:\dvt\D-V-T Install package\dvt_eclipse\predefined_projects\libs\uvm-1.2\src\base\uvm_component.svh ...
Loading (60) E:\dvt\D-V-T Install package\dvt_eclipse\predefined_projects\libs\uvm-1.2\src\base\uvm_root.svh ...
Done E:\dvt\D-V-T Install package\dvt_eclipse\predefined_projects\libs\uvm-1.2\src\base\uvm_root.svh [11 ms, 1073 lines, SystemVerilog_2012] ...
Done E:\dvt\D-V-T Install package\dvt_eclipse\predefined_projects\libs\uvm-1.2\src\base\uvm_component.svh [18 ms, 3639 lines, SystemVerilog_2012] ...
Loading (61) E:\dvt\D-V-T Install package\dvt_eclipse\predefined_projects\libs\uvm-1.2\src\base\uvm_objection.svh ...
Done E:\dvt\D-V-T Install package\dvt_eclipse\predefined_projects\libs\uvm-1.2\src\base\uvm_objection.svh [10 ms, 1454 lines, SystemVerilog_2012] ...
Loading (62) E:\dvt\D-V-T Install package\dvt_eclipse\predefined_projects\libs\uvm-1.2\src\base\uvm_heartbeat.svh ...
Done E:\dvt\D-V-T Install package\dvt_eclipse\predefined_projects\libs\uvm-1.2\src\base\uvm_heartbeat.svh [3 ms, 342 lines, SystemVerilog_2012] ...
Loading (63) E:\dvt\D-V-T Install package\dvt_eclipse\predefined_projects\libs\uvm-1.2\src\base\uvm_globals.svh ...
Done E:\dvt\D-V-T Install package\dvt_eclipse\predefined_projects\libs\uvm-1.2\src\base\uvm_globals.svh [5 ms, 565 lines, SystemVerilog_2012] ...
Loading (64) E:\dvt\D-V-T Install package\dvt_eclipse\predefined_projects\libs\uvm-1.2\src\base\uvm_cmdline_processor.svh ...
Done E:\dvt\D-V-T Install package\dvt_eclipse\predefined_projects\libs\uvm-1.2\src\base\uvm_cmdline_processor.svh [3 ms, 462 lines, SystemVerilog_2012] ...
Loading (65) E:\dvt\D-V-T Install package\dvt_eclipse\predefined_projects\libs\uvm-1.2\src\base\uvm_traversal.svh ...
Done E:\dvt\D-V-T Install package\dvt_eclipse\predefined_projects\libs\uvm-1.2\src\base\uvm_traversal.svh [3 ms, 289 lines, SystemVerilog_2012] ...
Done E:\dvt\D-V-T Install package\dvt_eclipse\predefined_projects\libs\uvm-1.2\src\base\uvm_base.svh [0 ms, 113 lines, SystemVerilog_2012] ...
Loading (66) E:\dvt\D-V-T Install package\dvt_eclipse\predefined_projects\libs\uvm-1.2\src\dap\uvm_dap.svh ...
Loading (67) E:\dvt\D-V-T Install package\dvt_eclipse\predefined_projects\libs\uvm-1.2\src\dap\uvm_set_get_dap_base.svh ...
Done E:\dvt\D-V-T Install package\dvt_eclipse\predefined_projects\libs\uvm-1.2\src\dap\uvm_set_get_dap_base.svh [0 ms, 84 lines, SystemVerilog_2012] ...
Loading (68) E:\dvt\D-V-T Install package\dvt_eclipse\predefined_projects\libs\uvm-1.2\src\dap\uvm_simple_lock_dap.svh ...
Done E:\dvt\D-V-T Install package\dvt_eclipse\predefined_projects\libs\uvm-1.2\src\dap\uvm_simple_lock_dap.svh [2 ms, 179 lines, SystemVerilog_2012] ...
Loading (69) E:\dvt\D-V-T Install package\dvt_eclipse\predefined_projects\libs\uvm-1.2\src\dap\uvm_get_to_lock_dap.svh ...
Done E:\dvt\D-V-T Install package\dvt_eclipse\predefined_projects\libs\uvm-1.2\src\dap\uvm_get_to_lock_dap.svh [2 ms, 155 lines, SystemVerilog_2012] ...
Loading (70) E:\dvt\D-V-T Install package\dvt_eclipse\predefined_projects\libs\uvm-1.2\src\dap\uvm_set_before_get_dap.svh ...
Done E:\dvt\D-V-T Install package\dvt_eclipse\predefined_projects\libs\uvm-1.2\src\dap\uvm_set_before_get_dap.svh [1 ms, 185 lines, SystemVerilog_2012] ...
Done E:\dvt\D-V-T Install package\dvt_eclipse\predefined_projects\libs\uvm-1.2\src\dap\uvm_dap.svh [0 ms, 35 lines, SystemVerilog_2012] ...
Loading (71) E:\dvt\D-V-T Install package\dvt_eclipse\predefined_projects\libs\uvm-1.2\src\tlm1\uvm_tlm.svh ...
Loading (72) E:\dvt\D-V-T Install package\dvt_eclipse\predefined_projects\libs\uvm-1.2\src\tlm1\uvm_tlm_ifs.svh ...
Done E:\dvt\D-V-T Install package\dvt_eclipse\predefined_projects\libs\uvm-1.2\src\tlm1\uvm_tlm_ifs.svh [1 ms, 219 lines, SystemVerilog_2012] ...
Loading (73) E:\dvt\D-V-T Install package\dvt_eclipse\predefined_projects\libs\uvm-1.2\src\tlm1\uvm_sqr_ifs.svh ...
Done E:\dvt\D-V-T Install package\dvt_eclipse\predefined_projects\libs\uvm-1.2\src\tlm1\uvm_sqr_ifs.svh [0 ms, 253 lines, SystemVerilog_2012] ...
Loading (74) E:\dvt\D-V-T Install package\dvt_eclipse\predefined_projects\libs\uvm-1.2\src\base\uvm_port_base.svh ...
Done E:\dvt\D-V-T Install package\dvt_eclipse\predefined_projects\libs\uvm-1.2\src\base\uvm_port_base.svh [5 ms, 793 lines, SystemVerilog_2012] ...
Loading (75) E:\dvt\D-V-T Install package\dvt_eclipse\predefined_projects\libs\uvm-1.2\src\tlm1\uvm_tlm_imps.svh ...
Done E:\dvt\D-V-T Install package\dvt_eclipse\predefined_projects\libs\uvm-1.2\src\tlm1\uvm_tlm_imps.svh [0 ms, 229 lines, SystemVerilog_2012] ...
Loading (76) E:\dvt\D-V-T Install package\dvt_eclipse\predefined_projects\libs\uvm-1.2\src\tlm1\uvm_imps.svh ...
Done E:\dvt\D-V-T Install package\dvt_eclipse\predefined_projects\libs\uvm-1.2\src\tlm1\uvm_imps.svh [5 ms, 317 lines, SystemVerilog_2012] ...
Loading (77) E:\dvt\D-V-T Install package\dvt_eclipse\predefined_projects\libs\uvm-1.2\src\tlm1\uvm_ports.svh ...
Done E:\dvt\D-V-T Install package\dvt_eclipse\predefined_projects\libs\uvm-1.2\src\tlm1\uvm_ports.svh [5 ms, 263 lines, SystemVerilog_2012] ...
Loading (78) E:\dvt\D-V-T Install package\dvt_eclipse\predefined_projects\libs\uvm-1.2\src\tlm1\uvm_exports.svh ...
Done E:\dvt\D-V-T Install package\dvt_eclipse\predefined_projects\libs\uvm-1.2\src\tlm1\uvm_exports.svh [4 ms, 260 lines, SystemVerilog_2012] ...
Loading (79) E:\dvt\D-V-T Install package\dvt_eclipse\predefined_projects\libs\uvm-1.2\src\tlm1\uvm_analysis_port.svh ...
Done E:\dvt\D-V-T Install package\dvt_eclipse\predefined_projects\libs\uvm-1.2\src\tlm1\uvm_analysis_port.svh [1 ms, 156 lines, SystemVerilog_2012] ...
Loading (80) E:\dvt\D-V-T Install package\dvt_eclipse\predefined_projects\libs\uvm-1.2\src\tlm1\uvm_tlm_fifo_base.svh ...
Done E:\dvt\D-V-T Install package\dvt_eclipse\predefined_projects\libs\uvm-1.2\src\tlm1\uvm_tlm_fifo_base.svh [1 ms, 253 lines, SystemVerilog_2012] ...
Loading (81) E:\dvt\D-V-T Install package\dvt_eclipse\predefined_projects\libs\uvm-1.2\src\tlm1\uvm_tlm_fifos.svh ...
Done E:\dvt\D-V-T Install package\dvt_eclipse\predefined_projects\libs\uvm-1.2\src\tlm1\uvm_tlm_fifos.svh [1 ms, 239 lines, SystemVerilog_2012] ...
Loading (82) E:\dvt\D-V-T Install package\dvt_eclipse\predefined_projects\libs\uvm-1.2\src\tlm1\uvm_tlm_req_rsp.svh ...
Done E:\dvt\D-V-T Install package\dvt_eclipse\predefined_projects\libs\uvm-1.2\src\tlm1\uvm_tlm_req_rsp.svh [2 ms, 349 lines, SystemVerilog_2012] ...
Loading (83) E:\dvt\D-V-T Install package\dvt_eclipse\predefined_projects\libs\uvm-1.2\src\tlm1\uvm_sqr_connections.svh ...
Done E:\dvt\D-V-T Install package\dvt_eclipse\predefined_projects\libs\uvm-1.2\src\tlm1\uvm_sqr_connections.svh [1 ms, 84 lines, SystemVerilog_2012] ...
Done E:\dvt\D-V-T Install package\dvt_eclipse\predefined_projects\libs\uvm-1.2\src\tlm1\uvm_tlm.svh [0 ms, 40 lines, SystemVerilog_2012] ...
Loading (84) E:\dvt\D-V-T Install package\dvt_eclipse\predefined_projects\libs\uvm-1.2\src\comps\uvm_comps.svh ...
Loading (85) E:\dvt\D-V-T Install package\dvt_eclipse\predefined_projects\libs\uvm-1.2\src\comps\uvm_pair.svh ...
Done E:\dvt\D-V-T Install package\dvt_eclipse\predefined_projects\libs\uvm-1.2\src\comps\uvm_pair.svh [2 ms, 171 lines, SystemVerilog_2012] ...
Loading (86) E:\dvt\D-V-T Install package\dvt_eclipse\predefined_projects\libs\uvm-1.2\src\comps\uvm_policies.svh ...
Done E:\dvt\D-V-T Install package\dvt_eclipse\predefined_projects\libs\uvm-1.2\src\comps\uvm_policies.svh [0 ms, 142 lines, SystemVerilog_2012] ...
Loading (87) E:\dvt\D-V-T Install package\dvt_eclipse\predefined_projects\libs\uvm-1.2\src\comps\uvm_in_order_comparator.svh ...
Done E:\dvt\D-V-T Install package\dvt_eclipse\predefined_projects\libs\uvm-1.2\src\comps\uvm_in_order_comparator.svh [1 ms, 260 lines, SystemVerilog_2012] ...
Loading (88) E:\dvt\D-V-T Install package\dvt_eclipse\predefined_projects\libs\uvm-1.2\src\comps\uvm_algorithmic_comparator.svh ...
Done E:\dvt\D-V-T Install package\dvt_eclipse\predefined_projects\libs\uvm-1.2\src\comps\uvm_algorithmic_comparator.svh [1 ms, 135 lines, SystemVerilog_2012] ...
Loading (89) E:\dvt\D-V-T Install package\dvt_eclipse\predefined_projects\libs\uvm-1.2\src\comps\uvm_random_stimulus.svh ...
Done E:\dvt\D-V-T Install package\dvt_eclipse\predefined_projects\libs\uvm-1.2\src\comps\uvm_random_stimulus.svh [1 ms, 132 lines, SystemVerilog_2012] ...
Loading (90) E:\dvt\D-V-T Install package\dvt_eclipse\predefined_projects\libs\uvm-1.2\src\comps\uvm_subscriber.svh ...
Done E:\dvt\D-V-T Install package\dvt_eclipse\predefined_projects\libs\uvm-1.2\src\comps\uvm_subscriber.svh [0 ms, 68 lines, SystemVerilog_2012] ...
Loading (91) E:\dvt\D-V-T Install package\dvt_eclipse\predefined_projects\libs\uvm-1.2\src\comps\uvm_monitor.svh ...
Done E:\dvt\D-V-T Install package\dvt_eclipse\predefined_projects\libs\uvm-1.2\src\comps\uvm_monitor.svh [0 ms, 54 lines, SystemVerilog_2012] ...
Loading (92) E:\dvt\D-V-T Install package\dvt_eclipse\predefined_projects\libs\uvm-1.2\src\comps\uvm_driver.svh ...
Done E:\dvt\D-V-T Install package\dvt_eclipse\predefined_projects\libs\uvm-1.2\src\comps\uvm_driver.svh [0 ms, 89 lines, SystemVerilog_2012] ...
Loading (93) E:\dvt\D-V-T Install package\dvt_eclipse\predefined_projects\libs\uvm-1.2\src\comps\uvm_push_driver.svh ...
Done E:\dvt\D-V-T Install package\dvt_eclipse\predefined_projects\libs\uvm-1.2\src\comps\uvm_push_driver.svh [0 ms, 97 lines, SystemVerilog_2012] ...
Loading (94) E:\dvt\D-V-T Install package\dvt_eclipse\predefined_projects\libs\uvm-1.2\src\comps\uvm_scoreboard.svh ...
Done E:\dvt\D-V-T Install package\dvt_eclipse\predefined_projects\libs\uvm-1.2\src\comps\uvm_scoreboard.svh [0 ms, 56 lines, SystemVerilog_2012] ...
Loading (95) E:\dvt\D-V-T Install package\dvt_eclipse\predefined_projects\libs\uvm-1.2\src\comps\uvm_agent.svh ...
Done E:\dvt\D-V-T Install package\dvt_eclipse\predefined_projects\libs\uvm-1.2\src\comps\uvm_agent.svh [2 ms, 136 lines, SystemVerilog_2012] ...
Loading (96) E:\dvt\D-V-T Install package\dvt_eclipse\predefined_projects\libs\uvm-1.2\src\comps\uvm_env.svh ...
Done E:\dvt\D-V-T Install package\dvt_eclipse\predefined_projects\libs\uvm-1.2\src\comps\uvm_env.svh [0 ms, 54 lines, SystemVerilog_2012] ...
Loading (97) E:\dvt\D-V-T Install package\dvt_eclipse\predefined_projects\libs\uvm-1.2\src\comps\uvm_test.svh ...
Done E:\dvt\D-V-T Install package\dvt_eclipse\predefined_projects\libs\uvm-1.2\src\comps\uvm_test.svh [0 ms, 82 lines, SystemVerilog_2012] ...
Done E:\dvt\D-V-T Install package\dvt_eclipse\predefined_projects\libs\uvm-1.2\src\comps\uvm_comps.svh [0 ms, 37 lines, SystemVerilog_2012] ...
Loading (98) E:\dvt\D-V-T Install package\dvt_eclipse\predefined_projects\libs\uvm-1.2\src\seq\uvm_seq.svh ...
Loading (99) E:\dvt\D-V-T Install package\dvt_eclipse\predefined_projects\libs\uvm-1.2\src\seq\uvm_sequence_item.svh ...
Done E:\dvt\D-V-T Install package\dvt_eclipse\predefined_projects\libs\uvm-1.2\src\seq\uvm_sequence_item.svh [37 ms, 498 lines, SystemVerilog_2012] ...
Loading (100) E:\dvt\D-V-T Install package\dvt_eclipse\predefined_projects\libs\uvm-1.2\src\seq\uvm_sequencer_base.svh ...
Done E:\dvt\D-V-T Install package\dvt_eclipse\predefined_projects\libs\uvm-1.2\src\seq\uvm_sequencer_base.svh [15 ms, 1775 lines, SystemVerilog_2012] ...
Loading (101) E:\dvt\D-V-T Install package\dvt_eclipse\predefined_projects\libs\uvm-1.2\src\seq\uvm_sequencer_analysis_fifo.svh ...
Done E:\dvt\D-V-T Install package\dvt_eclipse\predefined_projects\libs\uvm-1.2\src\seq\uvm_sequencer_analysis_fifo.svh [0 ms, 39 lines, SystemVerilog_2012] ...
Loading (102) E:\dvt\D-V-T Install package\dvt_eclipse\predefined_projects\libs\uvm-1.2\src\seq\uvm_sequencer_param_base.svh ...
Done E:\dvt\D-V-T Install package\dvt_eclipse\predefined_projects\libs\uvm-1.2\src\seq\uvm_sequencer_param_base.svh [4 ms, 460 lines, SystemVerilog_2012] ...
Loading (103) E:\dvt\D-V-T Install package\dvt_eclipse\predefined_projects\libs\uvm-1.2\src\seq\uvm_sequencer.svh ...
Done E:\dvt\D-V-T Install package\dvt_eclipse\predefined_projects\libs\uvm-1.2\src\seq\uvm_sequencer.svh [2 ms, 347 lines, SystemVerilog_2012] ...
Loading (104) E:\dvt\D-V-T Install package\dvt_eclipse\predefined_projects\libs\uvm-1.2\src\seq\uvm_push_sequencer.svh ...
Done E:\dvt\D-V-T Install package\dvt_eclipse\predefined_projects\libs\uvm-1.2\src\seq\uvm_push_sequencer.svh [1 ms, 85 lines, SystemVerilog_2012] ...
Loading (105) E:\dvt\D-V-T Install package\dvt_eclipse\predefined_projects\libs\uvm-1.2\src\seq\uvm_sequence_base.svh ...
Done E:\dvt\D-V-T Install package\dvt_eclipse\predefined_projects\libs\uvm-1.2\src\seq\uvm_sequence_base.svh [8 ms, 1405 lines, SystemVerilog_2012] ...
Loading (106) E:\dvt\D-V-T Install package\dvt_eclipse\predefined_projects\libs\uvm-1.2\src\seq\uvm_sequence.svh ...
Done E:\dvt\D-V-T Install package\dvt_eclipse\predefined_projects\libs\uvm-1.2\src\seq\uvm_sequence.svh [0 ms, 148 lines, SystemVerilog_2012] ...
Loading (107) E:\dvt\D-V-T Install package\dvt_eclipse\predefined_projects\libs\uvm-1.2\src\seq\uvm_sequence_library.svh ...
Done E:\dvt\D-V-T Install package\dvt_eclipse\predefined_projects\libs\uvm-1.2\src\seq\uvm_sequence_library.svh [7 ms, 813 lines, SystemVerilog_2012] ...
Loading (108) E:\dvt\D-V-T Install package\dvt_eclipse\predefined_projects\libs\uvm-1.2\src\seq\uvm_sequence_builtin.svh ...
Done E:\dvt\D-V-T Install package\dvt_eclipse\predefined_projects\libs\uvm-1.2\src\seq\uvm_sequence_builtin.svh [2 ms, 301 lines, SystemVerilog_2012] ...
Done E:\dvt\D-V-T Install package\dvt_eclipse\predefined_projects\libs\uvm-1.2\src\seq\uvm_seq.svh [0 ms, 40 lines, SystemVerilog_2012] ...
Loading (109) E:\dvt\D-V-T Install package\dvt_eclipse\predefined_projects\libs\uvm-1.2\src\tlm2\uvm_tlm2.svh ...
Loading (110) E:\dvt\D-V-T Install package\dvt_eclipse\predefined_projects\libs\uvm-1.2\src\tlm2\uvm_tlm2_defines.svh ...
Done E:\dvt\D-V-T Install package\dvt_eclipse\predefined_projects\libs\uvm-1.2\src\tlm2\uvm_tlm2_defines.svh [0 ms, 45 lines, SystemVerilog_2012] ...
Loading (111) E:\dvt\D-V-T Install package\dvt_eclipse\predefined_projects\libs\uvm-1.2\src\tlm2\uvm_tlm2_time.svh ...
Done E:\dvt\D-V-T Install package\dvt_eclipse\predefined_projects\libs\uvm-1.2\src\tlm2\uvm_tlm2_time.svh [1 ms, 333 lines, SystemVerilog_2012] ...
Loading (112) E:\dvt\D-V-T Install package\dvt_eclipse\predefined_projects\libs\uvm-1.2\src\tlm2\uvm_tlm2_generic_payload.svh ...
Done E:\dvt\D-V-T Install package\dvt_eclipse\predefined_projects\libs\uvm-1.2\src\tlm2\uvm_tlm2_generic_payload.svh [10 ms, 1053 lines, SystemVerilog_2012] ...
Loading (113) E:\dvt\D-V-T Install package\dvt_eclipse\predefined_projects\libs\uvm-1.2\src\tlm2\uvm_tlm2_ifs.svh ...
Done E:\dvt\D-V-T Install package\dvt_eclipse\predefined_projects\libs\uvm-1.2\src\tlm2\uvm_tlm2_ifs.svh [0 ms, 178 lines, SystemVerilog_2012] ...
Loading (114) E:\dvt\D-V-T Install package\dvt_eclipse\predefined_projects\libs\uvm-1.2\src\tlm2\uvm_tlm2_imps.svh ...
Done E:\dvt\D-V-T Install package\dvt_eclipse\predefined_projects\libs\uvm-1.2\src\tlm2\uvm_tlm2_imps.svh [1 ms, 203 lines, SystemVerilog_2012] ...
Loading (115) E:\dvt\D-V-T Install package\dvt_eclipse\predefined_projects\libs\uvm-1.2\src\tlm2\uvm_tlm2_ports.svh ...
Done E:\dvt\D-V-T Install package\dvt_eclipse\predefined_projects\libs\uvm-1.2\src\tlm2\uvm_tlm2_ports.svh [2 ms, 75 lines, SystemVerilog_2012] ...
Loading (116) E:\dvt\D-V-T Install package\dvt_eclipse\predefined_projects\libs\uvm-1.2\src\tlm2\uvm_tlm2_exports.svh ...
Done E:\dvt\D-V-T Install package\dvt_eclipse\predefined_projects\libs\uvm-1.2\src\tlm2\uvm_tlm2_exports.svh [1 ms, 65 lines, SystemVerilog_2012] ...
Loading (117) E:\dvt\D-V-T Install package\dvt_eclipse\predefined_projects\libs\uvm-1.2\src\tlm2\uvm_tlm2_sockets_base.svh ...
Done E:\dvt\D-V-T Install package\dvt_eclipse\predefined_projects\libs\uvm-1.2\src\tlm2\uvm_tlm2_sockets_base.svh [4 ms, 195 lines, SystemVerilog_2012] ...
Loading (118) E:\dvt\D-V-T Install package\dvt_eclipse\predefined_projects\libs\uvm-1.2\src\tlm2\uvm_tlm2_sockets.svh ...
Done E:\dvt\D-V-T Install package\dvt_eclipse\predefined_projects\libs\uvm-1.2\src\tlm2\uvm_tlm2_sockets.svh [4 ms, 435 lines, SystemVerilog_2012] ...
Done E:\dvt\D-V-T Install package\dvt_eclipse\predefined_projects\libs\uvm-1.2\src\tlm2\uvm_tlm2.svh [0 ms, 30 lines, SystemVerilog_2012] ...
Loading (119) E:\dvt\D-V-T Install package\dvt_eclipse\predefined_projects\libs\uvm-1.2\src\reg\uvm_reg_model.svh ...
Loading (120) E:\dvt\D-V-T Install package\dvt_eclipse\predefined_projects\libs\uvm-1.2\src\reg\uvm_reg_item.svh ...
Done E:\dvt\D-V-T Install package\dvt_eclipse\predefined_projects\libs\uvm-1.2\src\reg\uvm_reg_item.svh [3 ms, 316 lines, SystemVerilog_2012] ...
Loading (121) E:\dvt\D-V-T Install package\dvt_eclipse\predefined_projects\libs\uvm-1.2\src\reg\uvm_reg_adapter.svh ...
Done E:\dvt\D-V-T Install package\dvt_eclipse\predefined_projects\libs\uvm-1.2\src\reg\uvm_reg_adapter.svh [2 ms, 254 lines, SystemVerilog_2012] ...
Loading (122) E:\dvt\D-V-T Install package\dvt_eclipse\predefined_projects\libs\uvm-1.2\src\reg\uvm_reg_predictor.svh ...
Done E:\dvt\D-V-T Install package\dvt_eclipse\predefined_projects\libs\uvm-1.2\src\reg\uvm_reg_predictor.svh [2 ms, 265 lines, SystemVerilog_2012] ...
Loading (123) E:\dvt\D-V-T Install package\dvt_eclipse\predefined_projects\libs\uvm-1.2\src\reg\uvm_reg_sequence.svh ...
Done E:\dvt\D-V-T Install package\dvt_eclipse\predefined_projects\libs\uvm-1.2\src\reg\uvm_reg_sequence.svh [4 ms, 548 lines, SystemVerilog_2012] ...
Loading (124) E:\dvt\D-V-T Install package\dvt_eclipse\predefined_projects\libs\uvm-1.2\src\reg\uvm_reg_cbs.svh ...
Done E:\dvt\D-V-T Install package\dvt_eclipse\predefined_projects\libs\uvm-1.2\src\reg\uvm_reg_cbs.svh [3 ms, 530 lines, SystemVerilog_2012] ...
Loading (125) E:\dvt\D-V-T Install package\dvt_eclipse\predefined_projects\libs\uvm-1.2\src\reg\uvm_reg_backdoor.svh ...
Done E:\dvt\D-V-T Install package\dvt_eclipse\predefined_projects\libs\uvm-1.2\src\reg\uvm_reg_backdoor.svh [4 ms, 348 lines, SystemVerilog_2012] ...
Loading (126) E:\dvt\D-V-T Install package\dvt_eclipse\predefined_projects\libs\uvm-1.2\src\reg\uvm_reg_field.svh ...
Done E:\dvt\D-V-T Install package\dvt_eclipse\predefined_projects\libs\uvm-1.2\src\reg\uvm_reg_field.svh [19 ms, 2013 lines, SystemVerilog_2012] ...
Loading (127) E:\dvt\D-V-T Install package\dvt_eclipse\predefined_projects\libs\uvm-1.2\src\reg\uvm_vreg_field.svh ...
Done E:\dvt\D-V-T Install package\dvt_eclipse\predefined_projects\libs\uvm-1.2\src\reg\uvm_vreg_field.svh [11 ms, 1005 lines, SystemVerilog_2012] ...
Loading (128) E:\dvt\D-V-T Install package\dvt_eclipse\predefined_projects\libs\uvm-1.2\src\reg\uvm_reg.svh ...
Done E:\dvt\D-V-T Install package\dvt_eclipse\predefined_projects\libs\uvm-1.2\src\reg\uvm_reg.svh [23 ms, 3102 lines, SystemVerilog_2012] ...
Loading (129) E:\dvt\D-V-T Install package\dvt_eclipse\predefined_projects\libs\uvm-1.2\src\reg\uvm_reg_indirect.svh ...
Done E:\dvt\D-V-T Install package\dvt_eclipse\predefined_projects\libs\uvm-1.2\src\reg\uvm_reg_indirect.svh [4 ms, 330 lines, SystemVerilog_2012] ...
Loading (130) E:\dvt\D-V-T Install package\dvt_eclipse\predefined_projects\libs\uvm-1.2\src\reg\uvm_reg_fifo.svh ...
Done E:\dvt\D-V-T Install package\dvt_eclipse\predefined_projects\libs\uvm-1.2\src\reg\uvm_reg_fifo.svh [2 ms, 311 lines, SystemVerilog_2012] ...
Loading (131) E:\dvt\D-V-T Install package\dvt_eclipse\predefined_projects\libs\uvm-1.2\src\reg\uvm_reg_file.svh ...
Done E:\dvt\D-V-T Install package\dvt_eclipse\predefined_projects\libs\uvm-1.2\src\reg\uvm_reg_file.svh [4 ms, 501 lines, SystemVerilog_2012] ...
Loading (132) E:\dvt\D-V-T Install package\dvt_eclipse\predefined_projects\libs\uvm-1.2\src\reg\uvm_mem_mam.svh ...
Done E:\dvt\D-V-T Install package\dvt_eclipse\predefined_projects\libs\uvm-1.2\src\reg\uvm_mem_mam.svh [10 ms, 1019 lines, SystemVerilog_2012] ...
Loading (133) E:\dvt\D-V-T Install package\dvt_eclipse\predefined_projects\libs\uvm-1.2\src\reg\uvm_vreg.svh ...
Done E:\dvt\D-V-T Install package\dvt_eclipse\predefined_projects\libs\uvm-1.2\src\reg\uvm_vreg.svh [17 ms, 1554 lines, SystemVerilog_2012] ...
Loading (134) E:\dvt\D-V-T Install package\dvt_eclipse\predefined_projects\libs\uvm-1.2\src\reg\uvm_mem.svh ...
Done E:\dvt\D-V-T Install package\dvt_eclipse\predefined_projects\libs\uvm-1.2\src\reg\uvm_mem.svh [20 ms, 2410 lines, SystemVerilog_2012] ...
Loading (135) E:\dvt\D-V-T Install package\dvt_eclipse\predefined_projects\libs\uvm-1.2\src\reg\uvm_reg_map.svh ...
Done E:\dvt\D-V-T Install package\dvt_eclipse\predefined_projects\libs\uvm-1.2\src\reg\uvm_reg_map.svh [20 ms, 2225 lines, SystemVerilog_2012] ...
Loading (136) E:\dvt\D-V-T Install package\dvt_eclipse\predefined_projects\libs\uvm-1.2\src\reg\uvm_reg_block.svh ...
Done E:\dvt\D-V-T Install package\dvt_eclipse\predefined_projects\libs\uvm-1.2\src\reg\uvm_reg_block.svh [15 ms, 2272 lines, SystemVerilog_2012] ...
Loading (137) E:\dvt\D-V-T Install package\dvt_eclipse\predefined_projects\libs\uvm-1.2\src\reg\sequences\uvm_reg_hw_reset_seq.svh ...
Done E:\dvt\D-V-T Install package\dvt_eclipse\predefined_projects\libs\uvm-1.2\src\reg\sequences\uvm_reg_hw_reset_seq.svh [3 ms, 172 lines, SystemVerilog_2012] ...
Loading (138) E:\dvt\D-V-T Install package\dvt_eclipse\predefined_projects\libs\uvm-1.2\src\reg\sequences\uvm_reg_bit_bash_seq.svh ...
Done E:\dvt\D-V-T Install package\dvt_eclipse\predefined_projects\libs\uvm-1.2\src\reg\sequences\uvm_reg_bit_bash_seq.svh [4 ms, 303 lines, SystemVerilog_2012] ...
Loading (139) E:\dvt\D-V-T Install package\dvt_eclipse\predefined_projects\libs\uvm-1.2\src\reg\sequences\uvm_mem_walk_seq.svh ...
Done E:\dvt\D-V-T Install package\dvt_eclipse\predefined_projects\libs\uvm-1.2\src\reg\sequences\uvm_mem_walk_seq.svh [4 ms, 300 lines, SystemVerilog_2012] ...
Loading (140) E:\dvt\D-V-T Install package\dvt_eclipse\predefined_projects\libs\uvm-1.2\src\reg\sequences\uvm_mem_access_seq.svh ...
Done E:\dvt\D-V-T Install package\dvt_eclipse\predefined_projects\libs\uvm-1.2\src\reg\sequences\uvm_mem_access_seq.svh [3 ms, 308 lines, SystemVerilog_2012] ...
Loading (141) E:\dvt\D-V-T Install package\dvt_eclipse\predefined_projects\libs\uvm-1.2\src\reg\sequences\uvm_reg_access_seq.svh ...
Done E:\dvt\D-V-T Install package\dvt_eclipse\predefined_projects\libs\uvm-1.2\src\reg\sequences\uvm_reg_access_seq.svh [5 ms, 366 lines, SystemVerilog_2012] ...
Loading (142) E:\dvt\D-V-T Install package\dvt_eclipse\predefined_projects\libs\uvm-1.2\src\reg\sequences\uvm_reg_mem_shared_access_seq.svh ...
Done E:\dvt\D-V-T Install package\dvt_eclipse\predefined_projects\libs\uvm-1.2\src\reg\sequences\uvm_reg_mem_shared_access_seq.svh [5 ms, 486 lines, SystemVerilog_2012] ...
Loading (143) E:\dvt\D-V-T Install package\dvt_eclipse\predefined_projects\libs\uvm-1.2\src\reg\sequences\uvm_reg_mem_built_in_seq.svh ...
Done E:\dvt\D-V-T Install package\dvt_eclipse\predefined_projects\libs\uvm-1.2\src\reg\sequences\uvm_reg_mem_built_in_seq.svh [2 ms, 139 lines, SystemVerilog_2012] ...
Loading (144) E:\dvt\D-V-T Install package\dvt_eclipse\predefined_projects\libs\uvm-1.2\src\reg\sequences\uvm_reg_mem_hdl_paths_seq.svh ...
Done E:\dvt\D-V-T Install package\dvt_eclipse\predefined_projects\libs\uvm-1.2\src\reg\sequences\uvm_reg_mem_hdl_paths_seq.svh [5 ms, 175 lines, SystemVerilog_2012] ...
Done E:\dvt\D-V-T Install package\dvt_eclipse\predefined_projects\libs\uvm-1.2\src\reg\uvm_reg_model.svh [0 ms, 444 lines, SystemVerilog_2012] ...
Done E:\dvt\D-V-T Install package\dvt_eclipse\predefined_projects\libs\uvm-1.2\src\uvm_pkg.sv [0 ms, 43 lines, SystemVerilog_2012] ...
Loading (145) E:\Course\Lund\ICP\ICP2\ICP2_verify\top_tb\tb\agents\wb_agent\.#if_id_seq_item.svh ...
Done E:\Course\Lund\ICP\ICP2\ICP2_verify\top_tb\tb\agents\wb_agent\.#if_id_seq_item.svh [0 ms, 2 lines, SystemVerilog_2012] ...
Loading (146) E:\Course\Lund\ICP\ICP2\ICP2_verify\top_tb\user_extension\user_extension.svh ...
Done E:\Course\Lund\ICP\ICP2\ICP2_verify\top_tb\user_extension\user_extension.svh [0 ms, 3 lines, SystemVerilog_2012] ...
Loading (147) E:\Course\Lund\ICP\ICP2\ICP2_verify\top_tb\agent\cosim_agent\cosim_agent_pkg.sv ...
Skip (optimized) E:\dvt\D-V-T Install package\dvt_eclipse\predefined_projects\libs\uvm-1.2\src\uvm_macros.svh ...
Loading (148) E:\Course\Lund\ICP\ICP2\ICP2_verify\top_tb\agent\cosim_agent\spike_cosim_dpi.svh ...
Done E:\Course\Lund\ICP\ICP2\ICP2_verify\top_tb\agent\cosim_agent\spike_cosim_dpi.svh [0 ms, 24 lines, SystemVerilog_2012] ...
Loading (149) E:\Course\Lund\ICP\ICP2\ICP2_verify\top_tb\agent\cosim_agent\cosim_dpi.svh ...
Done E:\Course\Lund\ICP\ICP2\ICP2_verify\top_tb\agent\cosim_agent\cosim_dpi.svh [1 ms, 36 lines, SystemVerilog_2012] ...
Done E:\Course\Lund\ICP\ICP2\ICP2_verify\top_tb\agent\cosim_agent\cosim_agent_pkg.sv [0 ms, 14 lines, SystemVerilog_2012] ...
Loading (150) E:\Course\Lund\ICP\ICP2\ICP2_verify\top_tb\agent\cosim_agent\ibex_cosim_scoreboard.sv ...
Done E:\Course\Lund\ICP\ICP2\ICP2_verify\top_tb\agent\cosim_agent\ibex_cosim_scoreboard.sv [0 ms, 30 lines, SystemVerilog_2012] ...
Loading (151) E:\Course\Lund\ICP\ICP2\ICP2_verify\top_tb\agent\cosim_agent\ibex_rvfi_monitor.sv ...
Done E:\Course\Lund\ICP\ICP2\ICP2_verify\top_tb\agent\cosim_agent\ibex_rvfi_monitor.sv [1 ms, 59 lines, SystemVerilog_2012] ...
Loading (152) E:\Course\Lund\ICP\ICP2\ICP2_verify\top_tb\agent\cosim_agent\ibex_rvfi_seq_item.sv ...
Done E:\Course\Lund\ICP\ICP2\ICP2_verify\top_tb\agent\cosim_agent\ibex_rvfi_seq_item.sv [20 ms, 54 lines, SystemVerilog_2012] ...
Loading (153) E:\Course\Lund\ICP\ICP2\ICP2_verify\top_tb\tb\agents\mem_agent\mem_agent_pkg.sv ...
Skip (optimized) E:\dvt\D-V-T Install package\dvt_eclipse\predefined_projects\libs\uvm-1.2\src\uvm_macros.svh ...
Loading (154) E:\Course\Lund\ICP\ICP2\ICP2_verify\top_tb\tb\agents\mem_agent\mem_seq_item.svh ...
Done E:\Course\Lund\ICP\ICP2\ICP2_verify\top_tb\tb\agents\mem_agent\mem_seq_item.svh [6 ms, 22 lines, SystemVerilog_2012] ...
Loading (155) E:\Course\Lund\ICP\ICP2\ICP2_verify\top_tb\tb\agents\mem_agent\mem_monitor.svh ...
Done E:\Course\Lund\ICP\ICP2\ICP2_verify\top_tb\tb\agents\mem_agent\mem_monitor.svh [1 ms, 81 lines, SystemVerilog_2012] ...
Loading (156) E:\Course\Lund\ICP\ICP2\ICP2_verify\top_tb\tb\agents\mem_agent\mem_agent.svh ...
Done E:\Course\Lund\ICP\ICP2\ICP2_verify\top_tb\tb\agents\mem_agent\mem_agent.svh [1 ms, 37 lines, SystemVerilog_2012] ...
Loading (157) E:\Course\Lund\ICP\ICP2\ICP2_verify\top_tb\tb\agents\mem_agent\mem_agent_config.svh ...
Done E:\Course\Lund\ICP\ICP2\ICP2_verify\top_tb\tb\agents\mem_agent\mem_agent_config.svh [0 ms, 16 lines, SystemVerilog_2012] ...
Done E:\Course\Lund\ICP\ICP2\ICP2_verify\top_tb\tb\agents\mem_agent\mem_agent_pkg.sv [0 ms, 14 lines, SystemVerilog_2012] ...
Loading (158) E:\Course\Lund\ICP\ICP2\ICP2_verify\top_tb\tb\agents\wb_agent\wb_agent_pkg.sv ...
Skip (optimized) E:\dvt\D-V-T Install package\dvt_eclipse\predefined_projects\libs\uvm-1.2\src\uvm_macros.svh ...
Loading (159) E:\Course\Lund\ICP\ICP2\ICP2_verify\top_tb\tb\agents\wb_agent\wb_seq_item.svh ...
Done E:\Course\Lund\ICP\ICP2\ICP2_verify\top_tb\tb\agents\wb_agent\wb_seq_item.svh [1 ms, 29 lines, SystemVerilog_2012] ...
Loading (160) E:\Course\Lund\ICP\ICP2\ICP2_verify\top_tb\tb\agents\wb_agent\wb_agent_config.svh ...
Done E:\Course\Lund\ICP\ICP2\ICP2_verify\top_tb\tb\agents\wb_agent\wb_agent_config.svh [0 ms, 16 lines, SystemVerilog_2012] ...
Loading (161) E:\Course\Lund\ICP\ICP2\ICP2_verify\top_tb\tb\agents\wb_agent\wb_monitor.svh ...
Done E:\Course\Lund\ICP\ICP2\ICP2_verify\top_tb\tb\agents\wb_agent\wb_monitor.svh [1 ms, 61 lines, SystemVerilog_2012] ...
Loading (162) E:\Course\Lund\ICP\ICP2\ICP2_verify\top_tb\tb\agents\wb_agent\wb_agent.svh ...
Done E:\Course\Lund\ICP\ICP2\ICP2_verify\top_tb\tb\agents\wb_agent\wb_agent.svh [1 ms, 54 lines, SystemVerilog_2012] ...
Done E:\Course\Lund\ICP\ICP2\ICP2_verify\top_tb\tb\agents\wb_agent\wb_agent_pkg.sv [0 ms, 19 lines, SystemVerilog_2012] ...
Loading (163) E:\Course\Lund\ICP\ICP2\ICP2_verify\top_tb\tb\mem_test.sv ...
Skip (optimized) E:\dvt\D-V-T Install package\dvt_eclipse\predefined_projects\libs\uvm-1.2\src\uvm_macros.svh ...
Done E:\Course\Lund\ICP\ICP2\ICP2_verify\top_tb\tb\mem_test.sv [1 ms, 162 lines, SystemVerilog_2012] ...
Loading (164) E:\Course\Lund\ICP\ICP2\ICP2_verify\top_tb\tb\step_test.sv ...
Skip (optimized) E:\dvt\D-V-T Install package\dvt_eclipse\predefined_projects\libs\uvm-1.2\src\uvm_macros.svh ...
Done E:\Course\Lund\ICP\ICP2\ICP2_verify\top_tb\tb\step_test.sv [1 ms, 138 lines, SystemVerilog_2012] ...
Loading (165) E:\Course\Lund\ICP\ICP2\ICP2_verify\top_tb\tb\uvm_tb\tests\top_test_base.svh ...
Done E:\Course\Lund\ICP\ICP2\ICP2_verify\top_tb\tb\uvm_tb\tests\top_test_base.svh [2 ms, 131 lines, SystemVerilog_2012] ...
Loading (166) E:\Course\Lund\ICP\ICP2\ICP2_verify\top_tb\tb\env\top_cosim_config.svh ...
Done E:\Course\Lund\ICP\ICP2\ICP2_verify\top_tb\tb\env\top_cosim_config.svh [13 ms, 37 lines, SystemVerilog_2012] ...
Loading (167) E:\Course\Lund\ICP\ICP2\ICP2_verify\top_tb\tb\env\top_env_pkg.sv ...
Skip (optimized) E:\dvt\D-V-T Install package\dvt_eclipse\predefined_projects\libs\uvm-1.2\src\uvm_macros.svh ...
Loading (168) E:\Course\Lund\ICP\ICP2\ICP2_verify\top_tb\agent\cosim_agent\spike_cosim_dpi.svh ...
Done E:\Course\Lund\ICP\ICP2\ICP2_verify\top_tb\agent\cosim_agent\spike_cosim_dpi.svh [0 ms, 24 lines, SystemVerilog_2012] ...
Loading (169) E:\Course\Lund\ICP\ICP2\ICP2_verify\top_tb\agent\cosim_agent\cosim_dpi.svh ...
Done E:\Course\Lund\ICP\ICP2\ICP2_verify\top_tb\agent\cosim_agent\cosim_dpi.svh [0 ms, 36 lines, SystemVerilog_2012] ...
Loading (170) E:\Course\Lund\ICP\ICP2\ICP2_verify\top_tb\tb\env\top_env_config.svh ...
Done E:\Course\Lund\ICP\ICP2\ICP2_verify\top_tb\tb\env\top_env_config.svh [1 ms, 16 lines, SystemVerilog_2012] ...
Loading (171) E:\Course\Lund\ICP\ICP2\ICP2_verify\top_tb\tb\env\top_scoreboard.svh ...
Done E:\Course\Lund\ICP\ICP2\ICP2_verify\top_tb\tb\env\top_scoreboard.svh [2 ms, 103 lines, SystemVerilog_2012] ...
Loading (172) E:\Course\Lund\ICP\ICP2\ICP2_verify\top_tb\tb\env\top_env.svh ...
Done E:\Course\Lund\ICP\ICP2\ICP2_verify\top_tb\tb\env\top_env.svh [2 ms, 75 lines, SystemVerilog_2012] ...
Done E:\Course\Lund\ICP\ICP2\ICP2_verify\top_tb\tb\env\top_env_pkg.sv [0 ms, 16 lines, SystemVerilog_2012] ...
Loading (173) E:\Course\Lund\ICP\ICP2\ICP2_verify\top_tb\agent\cosim_agent\core_ibex_rvfi_if.sv ...
Done E:\Course\Lund\ICP\ICP2\ICP2_verify\top_tb\agent\cosim_agent\core_ibex_rvfi_if.sv [1 ms, 83 lines, SystemVerilog_2012] ...
Loading (174) E:\Course\Lund\ICP\ICP2\ICP2_verify\top_tb\agent\env\core_ibex_rvfi_if.sv ...
Done E:\Course\Lund\ICP\ICP2\ICP2_verify\top_tb\agent\env\core_ibex_rvfi_if.sv [0 ms, 83 lines, SystemVerilog_2012] ...
Loading (175) E:\Course\Lund\ICP\ICP2\ICP2_verify\top_tb\tb\agents\mem_agent\mem_if.sv ...
Done E:\Course\Lund\ICP\ICP2\ICP2_verify\top_tb\tb\agents\mem_agent\mem_if.sv [1 ms, 21 lines, SystemVerilog_2012] ...
Loading (176) E:\Course\Lund\ICP\ICP2\ICP2_verify\top_tb\tb\agents\wb_agent\wb_if.sv ...
Done E:\Course\Lund\ICP\ICP2\ICP2_verify\top_tb\tb\agents\wb_agent\wb_if.sv [0 ms, 15 lines, SystemVerilog_2012] ...
Loading (177) E:\Course\Lund\ICP\ICP2\ICP2_verify\top_tb\tb\rtl\TOP.sv ...
Done E:\Course\Lund\ICP\ICP2\ICP2_verify\top_tb\tb\rtl\TOP.sv [0 ms, 69 lines, SystemVerilog_2012] ...
Loading (178) E:\Course\Lund\ICP\ICP2\ICP2_verify\top_tb\tb\rtl\alu.sv ...
Done E:\Course\Lund\ICP\ICP2\ICP2_verify\top_tb\tb\rtl\alu.sv [1 ms, 66 lines, SystemVerilog_2012] ...
Loading (179) E:\Course\Lund\ICP\ICP2\ICP2_verify\top_tb\tb\rtl\common.sv ...
Done E:\Course\Lund\ICP\ICP2\ICP2_verify\top_tb\tb\rtl\common.sv [1 ms, 147 lines, SystemVerilog_2012] ...
Loading (180) E:\Course\Lund\ICP\ICP2\ICP2_verify\top_tb\tb\rtl\control.sv ...
Done E:\Course\Lund\ICP\ICP2\ICP2_verify\top_tb\tb\rtl\control.sv [2 ms, 159 lines, SystemVerilog_2012] ...
Loading (181) E:\Course\Lund\ICP\ICP2\ICP2_verify\top_tb\tb\rtl\cpu.sv ...
Done E:\Course\Lund\ICP\ICP2\ICP2_verify\top_tb\tb\rtl\cpu.sv [1 ms, 367 lines, SystemVerilog_2012] ...
Loading (182) E:\Course\Lund\ICP\ICP2\ICP2_verify\top_tb\tb\rtl\cpu_ILA.sv ...
Done E:\Course\Lund\ICP\ICP2\ICP2_verify\top_tb\tb\rtl\cpu_ILA.sv [0 ms, 39 lines, SystemVerilog_2012] ...
Loading (183) E:\Course\Lund\ICP\ICP2\ICP2_verify\top_tb\tb\rtl\data_memory.sv ...
Done E:\Course\Lund\ICP\ICP2\ICP2_verify\top_tb\tb\rtl\data_memory.sv [2 ms, 122 lines, SystemVerilog_2012] ...
Loading (184) E:\Course\Lund\ICP\ICP2\ICP2_verify\top_tb\tb\rtl\decode_stage.sv ...
Done E:\Course\Lund\ICP\ICP2\ICP2_verify\top_tb\tb\rtl\decode_stage.sv [0 ms, 97 lines, SystemVerilog_2012] ...
Loading (185) E:\Course\Lund\ICP\ICP2\ICP2_verify\top_tb\tb\rtl\execute_stage.sv ...
Done E:\Course\Lund\ICP\ICP2\ICP2_verify\top_tb\tb\rtl\execute_stage.sv [1 ms, 103 lines, SystemVerilog_2012] ...
Loading (186) E:\Course\Lund\ICP\ICP2\ICP2_verify\top_tb\tb\rtl\fetch_stage.sv ...
Done E:\Course\Lund\ICP\ICP2\ICP2_verify\top_tb\tb\rtl\fetch_stage.sv [2 ms, 355 lines, SystemVerilog_2012] ...
Loading (187) E:\Course\Lund\ICP\ICP2\ICP2_verify\top_tb\tb\rtl\forwarding_unit.sv ...
Done E:\Course\Lund\ICP\ICP2\ICP2_verify\top_tb\tb\rtl\forwarding_unit.sv [0 ms, 49 lines, SystemVerilog_2012] ...
Loading (188) E:\Course\Lund\ICP\ICP2\ICP2_verify\top_tb\tb\rtl\gshare_predictor.sv ...
Done E:\Course\Lund\ICP\ICP2\ICP2_verify\top_tb\tb\rtl\gshare_predictor.sv [1 ms, 77 lines, SystemVerilog_2012] ...
Loading (189) E:\Course\Lund\ICP\ICP2\ICP2_verify\top_tb\tb\rtl\instr_decompressor.sv ...
Done E:\Course\Lund\ICP\ICP2\ICP2_verify\top_tb\tb\rtl\instr_decompressor.sv [3 ms, 306 lines, SystemVerilog_2012] ...
Loading (190) E:\Course\Lund\ICP\ICP2\ICP2_verify\top_tb\tb\rtl\mem_stage.sv ...
Done E:\Course\Lund\ICP\ICP2\ICP2_verify\top_tb\tb\rtl\mem_stage.sv [1 ms, 35 lines, SystemVerilog_2012] ...
Loading (191) E:\Course\Lund\ICP\ICP2\ICP2_verify\top_tb\tb\rtl\program_memory.sv ...
Done E:\Course\Lund\ICP\ICP2\ICP2_verify\top_tb\tb\rtl\program_memory.sv [0 ms, 244 lines, SystemVerilog_2012] ...
Loading (192) E:\Course\Lund\ICP\ICP2\ICP2_verify\top_tb\tb\rtl\register_file.sv ...
Done E:\Course\Lund\ICP\ICP2\ICP2_verify\top_tb\tb\rtl\register_file.sv [0 ms, 40 lines, SystemVerilog_2012] ...
Loading (193) E:\Course\Lund\ICP\ICP2\ICP2_verify\top_tb\tb\rtl\stall_unit.sv ...
Done E:\Course\Lund\ICP\ICP2\ICP2_verify\top_tb\tb\rtl\stall_unit.sv [0 ms, 42 lines, SystemVerilog_2012] ...
Loading (194) E:\Course\Lund\ICP\ICP2\ICP2_verify\top_tb\tb\rtl\uart.sv ...
Done E:\Course\Lund\ICP\ICP2\ICP2_verify\top_tb\tb\rtl\uart.sv [1 ms, 102 lines, SystemVerilog_2012] ...
Loading (195) E:\Course\Lund\ICP\ICP2\ICP2_verify\top_tb\tb\rtl\uart_wrapper.sv ...
Done E:\Course\Lund\ICP\ICP2\ICP2_verify\top_tb\tb\rtl\uart_wrapper.sv [1 ms, 105 lines, SystemVerilog_2012] ...
*** Done parsing [LT 612.0 ms, PT 707.0 ms, SGT 10%, UGT 13%] ***
*** Total number of lines [79 834] ***
*** Error: SYSTEM_VERILOG_2012: Unexpected token 'sjp'
    at line 1 in E:\Course\Lund\ICP\ICP2\ICP2_verify\top_tb\tb\agents\wb_agent\.#if_id_seq_item.svh [compile index 145][invocation 1]
*** Error: SYSTEM_VERILOG_2012: Number of macro instance parameters 2 not equal to macro define parameters 3
    at line 13 in E:\Course\Lund\ICP\ICP2\ICP2_verify\top_tb\tb\agents\mem_agent\mem_seq_item.svh [compile index 1][invocation 1]
*** Error: SYSTEM_VERILOG_2012: Expecting '(', found ';'
    at line 23 in E:\Course\Lund\ICP\ICP2\ICP2_verify\top_tb\tb\agents\mem_agent\mem_monitor.svh [compile index 157][invocation 1]
*** Error: SYSTEM_VERILOG_2012: Unexpected token '"./dv_out/out_base_test_seed/asm_test/riscv_rand_instr_test_0.bin"'
    at line 9 in E:\Course\Lund\ICP\ICP2\ICP2_verify\top_tb\tb\uvm_tb\tests\top_test_base.svh [compile index 170][invocation 1]
*** Error: SYSTEM_VERILOG_2012: Undefined macro name: `gfn
    at line 51 in E:\Course\Lund\ICP\ICP2\ICP2_verify\top_tb\tb\uvm_tb\tests\top_test_base.svh [compile index 1][invocation 1]
*** Error: SYSTEM_VERILOG_2012: Undefined macro name: `gfn
    at line 83 in E:\Course\Lund\ICP\ICP2\ICP2_verify\top_tb\tb\uvm_tb\tests\top_test_base.svh [compile index 1][invocation 1]
*** Error: SYSTEM_VERILOG_2012: Undefined macro name: `gfn
    at line 90 in E:\Course\Lund\ICP\ICP2\ICP2_verify\top_tb\tb\uvm_tb\tests\top_test_base.svh [compile index 1][invocation 1]
*** Error: SYSTEM_VERILOG_2012: Number of macro instance parameters 4 not equal to macro define parameters 3
    at line 125 in E:\Course\Lund\ICP\ICP2\ICP2_verify\top_tb\tb\uvm_tb\tests\top_test_base.svh [compile index 1][invocation 1]
*** Error: SYSTEM_VERILOG_2012: Undefined macro name: `uvm_object_new
    at line 35 in E:\Course\Lund\ICP\ICP2\ICP2_verify\top_tb\tb\env\top_cosim_config.svh [compile index 1][invocation 1]
*** Error: SYSTEM_VERILOG_2012: Undefined macro name: `gfn
    at line 34 in E:\Course\Lund\ICP\ICP2\ICP2_verify\top_tb\tb\env\top_scoreboard.svh [compile index 1][invocation 1]
*** Error: SYSTEM_VERILOG_2012: Unexpected token '('
    at line 45 in E:\Course\Lund\ICP\ICP2\ICP2_verify\top_tb\tb\env\top_scoreboard.svh [compile index 177][invocation 1]
*** Error: SYSTEM_VERILOG_2012: Undefined macro name: `gfn
    at line 64 in E:\Course\Lund\ICP\ICP2\ICP2_verify\top_tb\tb\env\top_scoreboard.svh [compile index 1][invocation 1]
*** Error: SYSTEM_VERILOG_2012: Undefined macro name: `gfn
    at line 66 in E:\Course\Lund\ICP\ICP2\ICP2_verify\top_tb\tb\env\top_scoreboard.svh [compile index 1][invocation 1]
*** Error: SYSTEM_VERILOG_2012: Undefined macro name: `gfn
    at line 88 in E:\Course\Lund\ICP\ICP2\ICP2_verify\top_tb\tb\env\top_scoreboard.svh [compile index 1][invocation 1]
*** Error: SYSTEM_VERILOG_2012: Undefined macro name: `gfn
    at line 24 in E:\Course\Lund\ICP\ICP2\ICP2_verify\top_tb\tb\env\top_env.svh [compile index 1][invocation 1]
*** Error: SYSTEM_VERILOG_2012: Undefined macro name: `gfn
    at line 63 in E:\Course\Lund\ICP\ICP2\ICP2_verify\top_tb\tb\env\top_env.svh [compile index 1][invocation 1]
Performing post full build actions ...
Performing post full build step 1 (SRI) [1 ms] ...
Performing post full build step 2 (RI) [3 ms] ...
Performing post full build step 3 (RCP) [9 ms] ...
*** Done SystemVerilog build [741 ms] ***
*** Start mixed mode extension build ***
Performing mixed post full build step 1 (Verilog - RI) [2 ms] ...
Performing mixed post full build step 2 (Verilog - RC) [0 ms] ...
Performing mixed post full build step 3 (Verilog - RPC) [4 ms] ...
*** Error: USAGE_BEFORE_DECLARATION: Element 'common' is used before being declared
    at line 3 in E:\Course\Lund\ICP\ICP2\ICP2_verify\top_tb\tb\rtl\common.sv
    at line 4 in E:\Course\Lund\ICP\ICP2\ICP2_verify\top_tb\tb\agents\mem_agent\mem_agent_pkg.sv [compile index 154]
*** Error: USAGE_BEFORE_DECLARATION: Element 'common' is used before being declared
    at line 3 in E:\Course\Lund\ICP\ICP2\ICP2_verify\top_tb\tb\rtl\common.sv
    at line 4 in E:\Course\Lund\ICP\ICP2\ICP2_verify\top_tb\tb\agents\wb_agent\wb_agent_pkg.sv [compile index 160]
*** Error: NON_EXISTING_PACKAGE: Non existing package 'mem_model_pkg'
    at line 12 in E:\Course\Lund\ICP\ICP2\ICP2_verify\top_tb\tb\mem_test.sv [compile index 166]
*** Error: NON_EXISTING_PACKAGE: Non existing package 'mem_model_pkg'
    at line 12 in E:\Course\Lund\ICP\ICP2\ICP2_verify\top_tb\tb\step_test.sv [compile index 168]
Performing mixed post full build step 4 (Verilog - RD) [13 ms] ...
Performing mixed post full build step 5 (Verilog - FSC) [435 ms] ...
Performing mixed post full build step 6 (Verilog - EV) [316 ms] ...
Performing mixed post full build step 7 (Verilog - US) [64 ms] ...
*** Error: EXTERN_FUNCTION_UNDECLARED: Outer class function 'init_cosim' was not declared extern inside class 'top_scoreboard'
    at line 82 in E:\Course\Lund\ICP\ICP2\ICP2_verify\top_tb\tb\env\top_scoreboard.svh [compile index 177]
*** Error: EXTERN_FUNCTION_UNDECLARED: Outer class function 'cleanup_cosim' was not declared extern inside class 'top_scoreboard'
    at line 92 in E:\Course\Lund\ICP\ICP2\ICP2_verify\top_tb\tb\env\top_scoreboard.svh [compile index 177]
*** Error: NON_EXISTING_TYPE: Non existing type 'core_ibex_cosim_cfg'
    at line 20 in E:\Course\Lund\ICP\ICP2\ICP2_verify\top_tb\tb\env\top_cosim_config.svh [compile index 171]
*** Error: UNDECLARED_IDENTIFIER: Identifier 'core_ibex_cosim_cfg' is not declared
    at line 20 in E:\Course\Lund\ICP\ICP2\ICP2_verify\top_tb\tb\env\top_cosim_config.svh [compile index 171]
*** Error: UNDECLARED_IDENTIFIER: Identifier 'new' is not a member of 'tmp' (type 'core_ibex_cosim_cfg' is undeclared)
    at line 20 in E:\Course\Lund\ICP\ICP2\ICP2_verify\top_tb\tb\env\top_cosim_config.svh [compile index 171]
*** Error: UNDECLARED_IDENTIFIER: Identifier 'isa_string' is not a member of 'local_data__' (type 'core_ibex_cosim_cfg' is undeclared)
    at line 21 in E:\Course\Lund\ICP\ICP2\ICP2_verify\top_tb\tb\env\top_cosim_config.svh [compile index 171]
*** Error: UNDECLARED_IDENTIFIER: Identifier 'start_pc' is not a member of 'local_data__' (type 'core_ibex_cosim_cfg' is undeclared)
    at line 22 in E:\Course\Lund\ICP\ICP2\ICP2_verify\top_tb\tb\env\top_cosim_config.svh [compile index 171]
*** Error: UNDECLARED_IDENTIFIER: Identifier 'start_mtvec' is not a member of 'local_data__' (type 'core_ibex_cosim_cfg' is undeclared)
    at line 23 in E:\Course\Lund\ICP\ICP2\ICP2_verify\top_tb\tb\env\top_cosim_config.svh [compile index 171]
*** Error: UNDECLARED_IDENTIFIER: Identifier 'probe_imem_for_errs' is not a member of 'local_data__' (type 'core_ibex_cosim_cfg' is undeclared)
    at line 24 in E:\Course\Lund\ICP\ICP2\ICP2_verify\top_tb\tb\env\top_cosim_config.svh [compile index 171]
*** Error: UNDECLARED_IDENTIFIER: Identifier 'log_file' is not a member of 'local_data__' (type 'core_ibex_cosim_cfg' is undeclared)
    at line 25 in E:\Course\Lund\ICP\ICP2\ICP2_verify\top_tb\tb\env\top_cosim_config.svh [compile index 171]
*** Error: UNDECLARED_IDENTIFIER: Identifier 'pmp_num_regions' is not a member of 'local_data__' (type 'core_ibex_cosim_cfg' is undeclared)
    at line 26 in E:\Course\Lund\ICP\ICP2\ICP2_verify\top_tb\tb\env\top_cosim_config.svh [compile index 171]
*** Error: UNDECLARED_IDENTIFIER: Identifier 'pmp_granularity' is not a member of 'local_data__' (type 'core_ibex_cosim_cfg' is undeclared)
    at line 27 in E:\Course\Lund\ICP\ICP2\ICP2_verify\top_tb\tb\env\top_cosim_config.svh [compile index 171]
*** Error: UNDECLARED_IDENTIFIER: Identifier 'mhpm_counter_num' is not a member of 'local_data__' (type 'core_ibex_cosim_cfg' is undeclared)
    at line 28 in E:\Course\Lund\ICP\ICP2\ICP2_verify\top_tb\tb\env\top_cosim_config.svh [compile index 171]
*** Error: UNDECLARED_IDENTIFIER: Identifier 'secure_ibex' is not a member of 'local_data__' (type 'core_ibex_cosim_cfg' is undeclared)
    at line 29 in E:\Course\Lund\ICP\ICP2\ICP2_verify\top_tb\tb\env\top_cosim_config.svh [compile index 171]
*** Error: UNDECLARED_IDENTIFIER: Identifier 'icache' is not a member of 'local_data__' (type 'core_ibex_cosim_cfg' is undeclared)
    at line 30 in E:\Course\Lund\ICP\ICP2\ICP2_verify\top_tb\tb\env\top_cosim_config.svh [compile index 171]
*** Error: UNDECLARED_IDENTIFIER: Identifier 'dm_start_addr' is not a member of 'local_data__' (type 'core_ibex_cosim_cfg' is undeclared)
    at line 31 in E:\Course\Lund\ICP\ICP2\ICP2_verify\top_tb\tb\env\top_cosim_config.svh [compile index 171]
*** Error: UNDECLARED_IDENTIFIER: Identifier 'dm_end_addr' is not a member of 'local_data__' (type 'core_ibex_cosim_cfg' is undeclared)
    at line 32 in E:\Course\Lund\ICP\ICP2\ICP2_verify\top_tb\tb\env\top_cosim_config.svh [compile index 171]
*** Error: USAGE_BEFORE_DECLARATION: Element 'control_type' is used before being declared
    at line 76 in E:\Course\Lund\ICP\ICP2\ICP2_verify\top_tb\tb\rtl\common.sv
    at line 16 in E:\Course\Lund\ICP\ICP2\ICP2_verify\top_tb\tb\agents\wb_agent\wb_seq_item.svh [compile index 162]
*** Error: NON_EXISTING_TYPE: Non existing type 'mem_model'
    at line 29 in E:\Course\Lund\ICP\ICP2\ICP2_verify\top_tb\tb\mem_test.sv [compile index 166]
*** Error: UNDECLARED_IDENTIFIER: Identifier 'new' is not a member of 'mem' (type 'mem_model' is undeclared)
    at line 103 in E:\Course\Lund\ICP\ICP2\ICP2_verify\top_tb\tb\mem_test.sv [compile index 166]
*** Error: UNDECLARED_IDENTIFIER: Identifier 'get_written_bytes' is not a member of 'mem' (type 'mem_model' is undeclared)
    at line 109 in E:\Course\Lund\ICP\ICP2\ICP2_verify\top_tb\tb\mem_test.sv [compile index 166]
*** Error: ILLEGAL_CUNIT_REFERENCE: Reference to compilation unit identifier 'top_cosim_config' not allowed in package
    at line 4 in E:\Course\Lund\ICP\ICP2\ICP2_verify\top_tb\tb\env\top_scoreboard.svh [compile index 177]
*** Error: ILLEGAL_CUNIT_REFERENCE: Reference to compilation unit identifier 'top_cosim_config' not allowed in package
    at line 33 in E:\Course\Lund\ICP\ICP2\ICP2_verify\top_tb\tb\env\top_scoreboard.svh [compile index 177]
*** Error: USAGE_BEFORE_DECLARATION: Element 'mem_agent_config' is used before being declared
    at line 1 in E:\Course\Lund\ICP\ICP2\ICP2_verify\top_tb\tb\agents\mem_agent\mem_agent_config.svh
    at line 25 in E:\Course\Lund\ICP\ICP2\ICP2_verify\top_tb\tb\agents\mem_agent\mem_monitor.svh [compile index 157]
*** Error: ILLEGAL_CUNIT_REFERENCE: Reference to compilation unit identifier 'top_cosim_config' not allowed in package
    at line 7 in E:\Course\Lund\ICP\ICP2\ICP2_verify\top_tb\tb\agents\mem_agent\mem_monitor.svh [compile index 157]
*** Error: UNDECLARED_IDENTIFIER: Identifier 'm_cfg' is not declared
    at line 25 in E:\Course\Lund\ICP\ICP2\ICP2_verify\top_tb\tb\agents\mem_agent\mem_monitor.svh [compile index 157]
*** Error: ILLEGAL_CUNIT_REFERENCE: Reference to compilation unit identifier 'top_cosim_config' not allowed in package
    at line 28 in E:\Course\Lund\ICP\ICP2\ICP2_verify\top_tb\tb\agents\mem_agent\mem_monitor.svh [compile index 157]
*** Error: UNDECLARED_IDENTIFIER: Identifier 'riscv_cosim_notify_dside_access' is not declared
    at line 54 in E:\Course\Lund\ICP\ICP2\ICP2_verify\top_tb\tb\agents\mem_agent\mem_monitor.svh [compile index 157]
*** Error: UNDECLARED_IDENTIFIER: Identifier 'riscv_cosim_notify_dside_access' is not declared
    at line 67 in E:\Course\Lund\ICP\ICP2\ICP2_verify\top_tb\tb\agents\mem_agent\mem_monitor.svh [compile index 157]
*** Error: NON_EXISTING_TYPE: Non existing type 'top_env'
    at line 3 in E:\Course\Lund\ICP\ICP2\ICP2_verify\top_tb\tb\uvm_tb\tests\top_test_base.svh [compile index 170]
*** Error: NON_EXISTING_TYPE: Non existing type 'top_env_config'
    at line 4 in E:\Course\Lund\ICP\ICP2\ICP2_verify\top_tb\tb\uvm_tb\tests\top_test_base.svh [compile index 170]
*** Error: NON_EXISTING_TYPE: Non existing type 'wb_agent_config'
    at line 5 in E:\Course\Lund\ICP\ICP2\ICP2_verify\top_tb\tb\uvm_tb\tests\top_test_base.svh [compile index 170]
*** Error: NON_EXISTING_TYPE: Non existing type 'mem_agent_config'
    at line 6 in E:\Course\Lund\ICP\ICP2\ICP2_verify\top_tb\tb\uvm_tb\tests\top_test_base.svh [compile index 170]
*** Error: USAGE_BEFORE_DECLARATION: Element 'top_cosim_config' is used before being declared
    at line 1 in E:\Course\Lund\ICP\ICP2\ICP2_verify\top_tb\tb\env\top_cosim_config.svh
    at line 7 in E:\Course\Lund\ICP\ICP2\ICP2_verify\top_tb\tb\uvm_tb\tests\top_test_base.svh [compile index 170]
*** Error: NON_EXISTING_TYPE: Non existing type 'top_env_config'
    at line 18 in E:\Course\Lund\ICP\ICP2\ICP2_verify\top_tb\tb\uvm_tb\tests\top_test_base.svh [compile index 170]
*** Error: NON_EXISTING_TYPE: Non existing type 'wb_agent_config'
    at line 19 in E:\Course\Lund\ICP\ICP2\ICP2_verify\top_tb\tb\uvm_tb\tests\top_test_base.svh [compile index 170]
*** Error: NON_EXISTING_TYPE: Non existing type 'top_env'
    at line 24 in E:\Course\Lund\ICP\ICP2\ICP2_verify\top_tb\tb\uvm_tb\tests\top_test_base.svh [compile index 170]
*** Error: UNDECLARED_IDENTIFIER: Identifier 'vif' is not a member of 'm_wb_agent_cfg' (type 'wb_agent_config' is undeclared)
    at line 26 in E:\Course\Lund\ICP\ICP2\ICP2_verify\top_tb\tb\uvm_tb\tests\top_test_base.svh [compile index 170]
*** Error: UNDECLARED_IDENTIFIER: Identifier 'm_wb_agent_cfg' is not a member of 'm_env_cfg' (type 'top_env_config' is undeclared)
    at line 28 in E:\Course\Lund\ICP\ICP2\ICP2_verify\top_tb\tb\uvm_tb\tests\top_test_base.svh [compile index 170]
*** Error: UNDECLARED_IDENTIFIER: Identifier 'top_env_config' is not declared
    at line 30 in E:\Course\Lund\ICP\ICP2\ICP2_verify\top_tb\tb\uvm_tb\tests\top_test_base.svh [compile index 170]
*** Error: UNDECLARED_IDENTIFIER: Identifier 'vif' is not a member of 'm_wb_agent_cfg' (type 'wb_agent_config' is undeclared)
    at line 76 in E:\Course\Lund\ICP\ICP2\ICP2_verify\top_tb\tb\uvm_tb\tests\top_test_base.svh [compile index 170]
*** Error: UNDECLARED_IDENTIFIER: Identifier 'vif' is not a member of 'm_wb_agent_cfg' (type 'wb_agent_config' is undeclared)
    at line 74 in E:\Course\Lund\ICP\ICP2\ICP2_verify\top_tb\tb\uvm_tb\tests\top_test_base.svh [compile index 170]
*** Error: UNDECLARED_IDENTIFIER: Identifier 'vif' is not a member of 'm_wb_agent_cfg' (type 'wb_agent_config' is undeclared)
    at line 82 in E:\Course\Lund\ICP\ICP2\ICP2_verify\top_tb\tb\uvm_tb\tests\top_test_base.svh [compile index 170]
*** Error: UNDECLARED_IDENTIFIER: Identifier 'vif' is not a member of 'm_wb_agent_cfg' (type 'wb_agent_config' is undeclared)
    at line 89 in E:\Course\Lund\ICP\ICP2\ICP2_verify\top_tb\tb\uvm_tb\tests\top_test_base.svh [compile index 170]
*** Error: UNDECLARED_IDENTIFIER: Identifier 'env' is not declared
    at line 94 in E:\Course\Lund\ICP\ICP2\ICP2_verify\top_tb\tb\uvm_tb\tests\top_test_base.svh [compile index 170]
*** Error: UNDECLARED_IDENTIFIER: Identifier 'env' is not declared
    at line 95 in E:\Course\Lund\ICP\ICP2\ICP2_verify\top_tb\tb\uvm_tb\tests\top_test_base.svh [compile index 170]
*** Error: UNDECLARED_IDENTIFIER: Identifier 'BIN_PATH' is not declared
    at line 95 in E:\Course\Lund\ICP\ICP2\ICP2_verify\top_tb\tb\uvm_tb\tests\top_test_base.svh [compile index 170]
*** Error: UNDECLARED_IDENTIFIER: Identifier 'env' is not declared
    at line 104 in E:\Course\Lund\ICP\ICP2\ICP2_verify\top_tb\tb\uvm_tb\tests\top_test_base.svh [compile index 170]
*** Error: UNDECLARED_IDENTIFIER: Identifier 'BIN_PATH' is not declared
    at line 104 in E:\Course\Lund\ICP\ICP2\ICP2_verify\top_tb\tb\uvm_tb\tests\top_test_base.svh [compile index 170]
*** Error: UNDECLARED_IDENTIFIER: Identifier 'vif' is not a member of 'm_wb_agent_cfg' (type 'wb_agent_config' is undeclared)
    at line 126 in E:\Course\Lund\ICP\ICP2\ICP2_verify\top_tb\tb\uvm_tb\tests\top_test_base.svh [compile index 170]
*** Error: USAGE_BEFORE_DECLARATION: Element 'top_cosim_config' is used before being declared
    at line 1 in E:\Course\Lund\ICP\ICP2\ICP2_verify\top_tb\tb\env\top_cosim_config.svh
    at line 20 in E:\Course\Lund\ICP\ICP2\ICP2_verify\top_tb\tb\uvm_tb\tests\top_test_base.svh [compile index 170]
*** Error: USAGE_BEFORE_DECLARATION: Element 'top_cosim_config' is used before being declared
    at line 1 in E:\Course\Lund\ICP\ICP2\ICP2_verify\top_tb\tb\env\top_cosim_config.svh
    at line 31 in E:\Course\Lund\ICP\ICP2\ICP2_verify\top_tb\tb\uvm_tb\tests\top_test_base.svh [compile index 170]
*** Error: USAGE_BEFORE_DECLARATION: Element 'mem_agent_config' is used before being declared
    at line 1 in E:\Course\Lund\ICP\ICP2\ICP2_verify\top_tb\tb\agents\mem_agent\mem_agent_config.svh
    at line 22 in E:\Course\Lund\ICP\ICP2\ICP2_verify\top_tb\tb\agents\mem_agent\mem_agent.svh [compile index 158]
*** Error: USAGE_BEFORE_DECLARATION: Element 'mem_agent_config' is used before being declared
    at line 1 in E:\Course\Lund\ICP\ICP2\ICP2_verify\top_tb\tb\agents\mem_agent\mem_agent_config.svh
    at line 6 in E:\Course\Lund\ICP\ICP2\ICP2_verify\top_tb\tb\agents\mem_agent\mem_agent.svh [compile index 158]
*** Error: USAGE_BEFORE_DECLARATION: Element 'mem_wb_type' is used before being declared
    at line 131 in E:\Course\Lund\ICP\ICP2\ICP2_verify\top_tb\tb\rtl\common.sv
    at line 4 in E:\Course\Lund\ICP\ICP2\ICP2_verify\top_tb\tb\agents\wb_agent\wb_if.sv [compile index 182]
*** Error: USAGE_BEFORE_DECLARATION: Element 'ibex_rvfi_seq_item' is used before being declared
    at line 2 in E:\Course\Lund\ICP\ICP2\ICP2_verify\top_tb\agent\cosim_agent\ibex_rvfi_seq_item.sv
    at line 3 in E:\Course\Lund\ICP\ICP2\ICP2_verify\top_tb\agent\cosim_agent\ibex_cosim_scoreboard.sv [compile index 151]
*** Error: USAGE_BEFORE_DECLARATION: Element 'ibex_rvfi_seq_item' is used before being declared
    at line 2 in E:\Course\Lund\ICP\ICP2\ICP2_verify\top_tb\agent\cosim_agent\ibex_rvfi_seq_item.sv
    at line 13 in E:\Course\Lund\ICP\ICP2\ICP2_verify\top_tb\agent\cosim_agent\ibex_cosim_scoreboard.sv [compile index 151]
*** Error: NON_EXISTING_TYPE: Non existing type 'uvm_parent'
    at line 7 in E:\Course\Lund\ICP\ICP2\ICP2_verify\top_tb\agent\cosim_agent\ibex_cosim_scoreboard.sv [compile index 151]
*** Error: UNDECLARED_IDENTIFIER: Identifier 'type_id' is not a member of 'uvm_tlm_analysis_fifo'
    at line 13 in E:\Course\Lund\ICP\ICP2\ICP2_verify\top_tb\agent\cosim_agent\ibex_cosim_scoreboard.sv [compile index 151]
*** Error: OVERRIDE_VIRTUAL_METHOD: Return data type 'logic' for method 'ibex_cosim_scoreboard.build_phase' does not match 'void' of overridden 'uvm_component.build_phase'
    at line 11 in E:\Course\Lund\ICP\ICP2\ICP2_verify\top_tb\agent\cosim_agent\ibex_cosim_scoreboard.sv [compile index 151]
*** Error: METHOD_CALL_ARGUMENTS: Expecting minimum '1' argument when calling 'new', found '0'
    at line 24 in E:\Course\Lund\ICP\ICP2\ICP2_verify\top_tb\agent\cosim_agent\ibex_rvfi_seq_item.sv [compile index 153]
*** Error: UNDECLARED_IDENTIFIER: Identifier 'UVM_SETINT' is not declared
    at line 24 in E:\Course\Lund\ICP\ICP2\ICP2_verify\top_tb\agent\cosim_agent\ibex_rvfi_seq_item.sv [compile index 153]
*** Error: UNDECLARED_IDENTIFIER: Identifier 'UVM_SETSTR' is not declared
    at line 24 in E:\Course\Lund\ICP\ICP2\ICP2_verify\top_tb\agent\cosim_agent\ibex_rvfi_seq_item.sv [compile index 153]
*** Error: UNDECLARED_IDENTIFIER: Identifier 'UVM_SETOBJ' is not declared
    at line 24 in E:\Course\Lund\ICP\ICP2\ICP2_verify\top_tb\agent\cosim_agent\ibex_rvfi_seq_item.sv [compile index 153]
*** Error: UNDECLARED_IDENTIFIER: Identifier 'UVM_CHECK_FIELDS' is not declared
    at line 25 in E:\Course\Lund\ICP\ICP2\ICP2_verify\top_tb\agent\cosim_agent\ibex_rvfi_seq_item.sv [compile index 153]
*** Error: UNDECLARED_IDENTIFIER: Identifier 'UVM_COPY' is not declared
    at line 25 in E:\Course\Lund\ICP\ICP2\ICP2_verify\top_tb\agent\cosim_agent\ibex_rvfi_seq_item.sv [compile index 153]
*** Error: UNDECLARED_IDENTIFIER: Identifier 'UVM_COMPARE' is not declared
    at line 25 in E:\Course\Lund\ICP\ICP2\ICP2_verify\top_tb\agent\cosim_agent\ibex_rvfi_seq_item.sv [compile index 153]
*** Error: UNDECLARED_IDENTIFIER: Identifier 'UVM_PACK' is not declared
    at line 25 in E:\Course\Lund\ICP\ICP2\ICP2_verify\top_tb\agent\cosim_agent\ibex_rvfi_seq_item.sv [compile index 153]
*** Error: UNDECLARED_IDENTIFIER: Identifier 'UVM_UNPACK' is not declared
    at line 25 in E:\Course\Lund\ICP\ICP2\ICP2_verify\top_tb\agent\cosim_agent\ibex_rvfi_seq_item.sv [compile index 153]
*** Error: UNDECLARED_IDENTIFIER: Identifier 'UVM_RECORD' is not declared
    at line 25 in E:\Course\Lund\ICP\ICP2\ICP2_verify\top_tb\agent\cosim_agent\ibex_rvfi_seq_item.sv [compile index 153]
*** Error: UNDECLARED_IDENTIFIER: Identifier 'UVM_PRINT' is not declared
    at line 25 in E:\Course\Lund\ICP\ICP2\ICP2_verify\top_tb\agent\cosim_agent\ibex_rvfi_seq_item.sv [compile index 153]
*** Error: UNDECLARED_IDENTIFIER: Identifier 'UVM_SETINT' is not declared
    at line 25 in E:\Course\Lund\ICP\ICP2\ICP2_verify\top_tb\agent\cosim_agent\ibex_rvfi_seq_item.sv [compile index 153]
*** Error: UNDECLARED_IDENTIFIER: Identifier 'uvm_default' is not declared
    at line 25 in E:\Course\Lund\ICP\ICP2\ICP2_verify\top_tb\agent\cosim_agent\ibex_rvfi_seq_item.sv [compile index 153]
*** Error: UNDECLARED_IDENTIFIER: Identifier 'UVM_NOCOPY' is not declared
    at line 25 in E:\Course\Lund\ICP\ICP2\ICP2_verify\top_tb\agent\cosim_agent\ibex_rvfi_seq_item.sv [compile index 153]
*** Error: UNDECLARED_IDENTIFIER: Identifier 'UVM_NOCOMPARE' is not declared
    at line 25 in E:\Course\Lund\ICP\ICP2\ICP2_verify\top_tb\agent\cosim_agent\ibex_rvfi_seq_item.sv [compile index 153]
*** Error: UNDECLARED_IDENTIFIER: Identifier 'UVM_NOPACK' is not declared
    at line 25 in E:\Course\Lund\ICP\ICP2\ICP2_verify\top_tb\agent\cosim_agent\ibex_rvfi_seq_item.sv [compile index 153]
*** Error: UNDECLARED_IDENTIFIER: Identifier 'UVM_NORECORD' is not declared
    at line 25 in E:\Course\Lund\ICP\ICP2\ICP2_verify\top_tb\agent\cosim_agent\ibex_rvfi_seq_item.sv [compile index 153]
*** Error: UNDECLARED_IDENTIFIER: Identifier 'uvm_radix_enum' is not declared
    at line 25 in E:\Course\Lund\ICP\ICP2\ICP2_verify\top_tb\agent\cosim_agent\ibex_rvfi_seq_item.sv [compile index 153]
*** Error: UNDECLARED_IDENTIFIER: Identifier 'UVM_RADIX' is not declared
    at line 25 in E:\Course\Lund\ICP\ICP2\ICP2_verify\top_tb\agent\cosim_agent\ibex_rvfi_seq_item.sv [compile index 153]
*** Error: UNDECLARED_IDENTIFIER: Identifier 'UVM_NOPRINT' is not declared
    at line 25 in E:\Course\Lund\ICP\ICP2\ICP2_verify\top_tb\agent\cosim_agent\ibex_rvfi_seq_item.sv [compile index 153]
*** Error: UNDECLARED_IDENTIFIER: Identifier 'uvm_is_match' is not declared
    at line 25 in E:\Course\Lund\ICP\ICP2\ICP2_verify\top_tb\agent\cosim_agent\ibex_rvfi_seq_item.sv [compile index 153]
*** Error: UNDECLARED_IDENTIFIER: Identifier 'UVM_READONLY' is not declared
    at line 25 in E:\Course\Lund\ICP\ICP2\ICP2_verify\top_tb\agent\cosim_agent\ibex_rvfi_seq_item.sv [compile index 153]
*** Error: UNDECLARED_IDENTIFIER: Identifier 'UVM_NONE' is not declared
    at line 25 in E:\Course\Lund\ICP\ICP2\ICP2_verify\top_tb\agent\cosim_agent\ibex_rvfi_seq_item.sv [compile index 153]
*** Error: UNDECLARED_IDENTIFIER: Identifier 'UVM_LOW' is not declared
    at line 25 in E:\Course\Lund\ICP\ICP2\ICP2_verify\top_tb\agent\cosim_agent\ibex_rvfi_seq_item.sv [compile index 153]
*** Error: UNDECLARED_IDENTIFIER: Identifier 'UVM_CHECK_FIELDS' is not declared
    at line 26 in E:\Course\Lund\ICP\ICP2\ICP2_verify\top_tb\agent\cosim_agent\ibex_rvfi_seq_item.sv [compile index 153]
*** Error: UNDECLARED_IDENTIFIER: Identifier 'UVM_COPY' is not declared
    at line 26 in E:\Course\Lund\ICP\ICP2\ICP2_verify\top_tb\agent\cosim_agent\ibex_rvfi_seq_item.sv [compile index 153]
*** Error: UNDECLARED_IDENTIFIER: Identifier 'UVM_COMPARE' is not declared
    at line 26 in E:\Course\Lund\ICP\ICP2\ICP2_verify\top_tb\agent\cosim_agent\ibex_rvfi_seq_item.sv [compile index 153]
*** Error: UNDECLARED_IDENTIFIER: Identifier 'UVM_PACK' is not declared
    at line 26 in E:\Course\Lund\ICP\ICP2\ICP2_verify\top_tb\agent\cosim_agent\ibex_rvfi_seq_item.sv [compile index 153]
*** Error: UNDECLARED_IDENTIFIER: Identifier 'UVM_UNPACK' is not declared
    at line 26 in E:\Course\Lund\ICP\ICP2\ICP2_verify\top_tb\agent\cosim_agent\ibex_rvfi_seq_item.sv [compile index 153]
*** Error: UNDECLARED_IDENTIFIER: Identifier 'UVM_RECORD' is not declared
    at line 26 in E:\Course\Lund\ICP\ICP2\ICP2_verify\top_tb\agent\cosim_agent\ibex_rvfi_seq_item.sv [compile index 153]
*** Error: UNDECLARED_IDENTIFIER: Identifier 'UVM_PRINT' is not declared
    at line 26 in E:\Course\Lund\ICP\ICP2\ICP2_verify\top_tb\agent\cosim_agent\ibex_rvfi_seq_item.sv [compile index 153]
*** Error: UNDECLARED_IDENTIFIER: Identifier 'UVM_SETINT' is not declared
    at line 26 in E:\Course\Lund\ICP\ICP2\ICP2_verify\top_tb\agent\cosim_agent\ibex_rvfi_seq_item.sv [compile index 153]
*** Error: UNDECLARED_IDENTIFIER: Identifier 'uvm_default' is not declared
    at line 26 in E:\Course\Lund\ICP\ICP2\ICP2_verify\top_tb\agent\cosim_agent\ibex_rvfi_seq_item.sv [compile index 153]
*** Error: UNDECLARED_IDENTIFIER: Identifier 'UVM_NOCOPY' is not declared
    at line 26 in E:\Course\Lund\ICP\ICP2\ICP2_verify\top_tb\agent\cosim_agent\ibex_rvfi_seq_item.sv [compile index 153]
*** Error: UNDECLARED_IDENTIFIER: Identifier 'UVM_NOCOMPARE' is not declared
    at line 26 in E:\Course\Lund\ICP\ICP2\ICP2_verify\top_tb\agent\cosim_agent\ibex_rvfi_seq_item.sv [compile index 153]
*** Error: UNDECLARED_IDENTIFIER: Identifier 'UVM_NOPACK' is not declared
    at line 26 in E:\Course\Lund\ICP\ICP2\ICP2_verify\top_tb\agent\cosim_agent\ibex_rvfi_seq_item.sv [compile index 153]
*** Error: UNDECLARED_IDENTIFIER: Identifier 'UVM_NORECORD' is not declared
    at line 26 in E:\Course\Lund\ICP\ICP2\ICP2_verify\top_tb\agent\cosim_agent\ibex_rvfi_seq_item.sv [compile index 153]
*** Error: UNDECLARED_IDENTIFIER: Identifier 'uvm_radix_enum' is not declared
    at line 26 in E:\Course\Lund\ICP\ICP2\ICP2_verify\top_tb\agent\cosim_agent\ibex_rvfi_seq_item.sv [compile index 153]
*** Error: UNDECLARED_IDENTIFIER: Identifier 'UVM_RADIX' is not declared
    at line 26 in E:\Course\Lund\ICP\ICP2\ICP2_verify\top_tb\agent\cosim_agent\ibex_rvfi_seq_item.sv [compile index 153]
*** Error: UNDECLARED_IDENTIFIER: Identifier 'UVM_NOPRINT' is not declared
    at line 26 in E:\Course\Lund\ICP\ICP2\ICP2_verify\top_tb\agent\cosim_agent\ibex_rvfi_seq_item.sv [compile index 153]
*** Error: UNDECLARED_IDENTIFIER: Identifier 'uvm_is_match' is not declared
    at line 26 in E:\Course\Lund\ICP\ICP2\ICP2_verify\top_tb\agent\cosim_agent\ibex_rvfi_seq_item.sv [compile index 153]
*** Error: UNDECLARED_IDENTIFIER: Identifier 'UVM_READONLY' is not declared
    at line 26 in E:\Course\Lund\ICP\ICP2\ICP2_verify\top_tb\agent\cosim_agent\ibex_rvfi_seq_item.sv [compile index 153]
*** Error: UNDECLARED_IDENTIFIER: Identifier 'UVM_NONE' is not declared
    at line 26 in E:\Course\Lund\ICP\ICP2\ICP2_verify\top_tb\agent\cosim_agent\ibex_rvfi_seq_item.sv [compile index 153]
*** Error: UNDECLARED_IDENTIFIER: Identifier 'UVM_LOW' is not declared
    at line 26 in E:\Course\Lund\ICP\ICP2\ICP2_verify\top_tb\agent\cosim_agent\ibex_rvfi_seq_item.sv [compile index 153]
*** Error: UNDECLARED_IDENTIFIER: Identifier 'UVM_CHECK_FIELDS' is not declared
    at line 27 in E:\Course\Lund\ICP\ICP2\ICP2_verify\top_tb\agent\cosim_agent\ibex_rvfi_seq_item.sv [compile index 153]
*** Error: UNDECLARED_IDENTIFIER: Identifier 'UVM_COPY' is not declared
    at line 27 in E:\Course\Lund\ICP\ICP2\ICP2_verify\top_tb\agent\cosim_agent\ibex_rvfi_seq_item.sv [compile index 153]
*** Error: UNDECLARED_IDENTIFIER: Identifier 'UVM_COMPARE' is not declared
    at line 27 in E:\Course\Lund\ICP\ICP2\ICP2_verify\top_tb\agent\cosim_agent\ibex_rvfi_seq_item.sv [compile index 153]
*** Error: UNDECLARED_IDENTIFIER: Identifier 'UVM_PACK' is not declared
    at line 27 in E:\Course\Lund\ICP\ICP2\ICP2_verify\top_tb\agent\cosim_agent\ibex_rvfi_seq_item.sv [compile index 153]
*** Error: UNDECLARED_IDENTIFIER: Identifier 'UVM_UNPACK' is not declared
    at line 27 in E:\Course\Lund\ICP\ICP2\ICP2_verify\top_tb\agent\cosim_agent\ibex_rvfi_seq_item.sv [compile index 153]
*** Error: UNDECLARED_IDENTIFIER: Identifier 'UVM_RECORD' is not declared
    at line 27 in E:\Course\Lund\ICP\ICP2\ICP2_verify\top_tb\agent\cosim_agent\ibex_rvfi_seq_item.sv [compile index 153]
*** Error: UNDECLARED_IDENTIFIER: Identifier 'UVM_PRINT' is not declared
    at line 27 in E:\Course\Lund\ICP\ICP2\ICP2_verify\top_tb\agent\cosim_agent\ibex_rvfi_seq_item.sv [compile index 153]
*** Error: UNDECLARED_IDENTIFIER: Identifier 'UVM_SETINT' is not declared
    at line 27 in E:\Course\Lund\ICP\ICP2\ICP2_verify\top_tb\agent\cosim_agent\ibex_rvfi_seq_item.sv [compile index 153]
*** Error: UNDECLARED_IDENTIFIER: Identifier 'uvm_default' is not declared
    at line 27 in E:\Course\Lund\ICP\ICP2\ICP2_verify\top_tb\agent\cosim_agent\ibex_rvfi_seq_item.sv [compile index 153]
*** Error: UNDECLARED_IDENTIFIER: Identifier 'UVM_NOCOPY' is not declared
    at line 27 in E:\Course\Lund\ICP\ICP2\ICP2_verify\top_tb\agent\cosim_agent\ibex_rvfi_seq_item.sv [compile index 153]
*** Error: UNDECLARED_IDENTIFIER: Identifier 'UVM_NOCOMPARE' is not declared
    at line 27 in E:\Course\Lund\ICP\ICP2\ICP2_verify\top_tb\agent\cosim_agent\ibex_rvfi_seq_item.sv [compile index 153]
*** Error: UNDECLARED_IDENTIFIER: Identifier 'UVM_NOPACK' is not declared
    at line 27 in E:\Course\Lund\ICP\ICP2\ICP2_verify\top_tb\agent\cosim_agent\ibex_rvfi_seq_item.sv [compile index 153]
*** Error: UNDECLARED_IDENTIFIER: Identifier 'UVM_NORECORD' is not declared
    at line 27 in E:\Course\Lund\ICP\ICP2\ICP2_verify\top_tb\agent\cosim_agent\ibex_rvfi_seq_item.sv [compile index 153]
*** Error: UNDECLARED_IDENTIFIER: Identifier 'uvm_radix_enum' is not declared
    at line 27 in E:\Course\Lund\ICP\ICP2\ICP2_verify\top_tb\agent\cosim_agent\ibex_rvfi_seq_item.sv [compile index 153]
*** Error: UNDECLARED_IDENTIFIER: Identifier 'UVM_RADIX' is not declared
    at line 27 in E:\Course\Lund\ICP\ICP2\ICP2_verify\top_tb\agent\cosim_agent\ibex_rvfi_seq_item.sv [compile index 153]
*** Error: UNDECLARED_IDENTIFIER: Identifier 'UVM_NOPRINT' is not declared
    at line 27 in E:\Course\Lund\ICP\ICP2\ICP2_verify\top_tb\agent\cosim_agent\ibex_rvfi_seq_item.sv [compile index 153]
*** Error: UNDECLARED_IDENTIFIER: Identifier 'uvm_is_match' is not declared
    at line 27 in E:\Course\Lund\ICP\ICP2\ICP2_verify\top_tb\agent\cosim_agent\ibex_rvfi_seq_item.sv [compile index 153]
*** Error: UNDECLARED_IDENTIFIER: Identifier 'UVM_READONLY' is not declared
    at line 27 in E:\Course\Lund\ICP\ICP2\ICP2_verify\top_tb\agent\cosim_agent\ibex_rvfi_seq_item.sv [compile index 153]
*** Error: UNDECLARED_IDENTIFIER: Identifier 'UVM_NONE' is not declared
    at line 27 in E:\Course\Lund\ICP\ICP2\ICP2_verify\top_tb\agent\cosim_agent\ibex_rvfi_seq_item.sv [compile index 153]
*** Error: UNDECLARED_IDENTIFIER: Identifier 'UVM_LOW' is not declared
    at line 27 in E:\Course\Lund\ICP\ICP2\ICP2_verify\top_tb\agent\cosim_agent\ibex_rvfi_seq_item.sv [compile index 153]
*** Error: UNDECLARED_IDENTIFIER: Identifier 'UVM_CHECK_FIELDS' is not declared
    at line 28 in E:\Course\Lund\ICP\ICP2\ICP2_verify\top_tb\agent\cosim_agent\ibex_rvfi_seq_item.sv [compile index 153]
*** Error: UNDECLARED_IDENTIFIER: Identifier 'UVM_COPY' is not declared
    at line 28 in E:\Course\Lund\ICP\ICP2\ICP2_verify\top_tb\agent\cosim_agent\ibex_rvfi_seq_item.sv [compile index 153]
*** Error: UNDECLARED_IDENTIFIER: Identifier 'UVM_COMPARE' is not declared
    at line 28 in E:\Course\Lund\ICP\ICP2\ICP2_verify\top_tb\agent\cosim_agent\ibex_rvfi_seq_item.sv [compile index 153]
*** Error: UNDECLARED_IDENTIFIER: Identifier 'UVM_PACK' is not declared
    at line 28 in E:\Course\Lund\ICP\ICP2\ICP2_verify\top_tb\agent\cosim_agent\ibex_rvfi_seq_item.sv [compile index 153]
*** Error: UNDECLARED_IDENTIFIER: Identifier 'UVM_UNPACK' is not declared
    at line 28 in E:\Course\Lund\ICP\ICP2\ICP2_verify\top_tb\agent\cosim_agent\ibex_rvfi_seq_item.sv [compile index 153]
*** Error: UNDECLARED_IDENTIFIER: Identifier 'UVM_RECORD' is not declared
    at line 28 in E:\Course\Lund\ICP\ICP2\ICP2_verify\top_tb\agent\cosim_agent\ibex_rvfi_seq_item.sv [compile index 153]
*** Error: UNDECLARED_IDENTIFIER: Identifier 'UVM_PRINT' is not declared
    at line 28 in E:\Course\Lund\ICP\ICP2\ICP2_verify\top_tb\agent\cosim_agent\ibex_rvfi_seq_item.sv [compile index 153]
*** Error: UNDECLARED_IDENTIFIER: Identifier 'UVM_SETINT' is not declared
    at line 28 in E:\Course\Lund\ICP\ICP2\ICP2_verify\top_tb\agent\cosim_agent\ibex_rvfi_seq_item.sv [compile index 153]
*** Error: UNDECLARED_IDENTIFIER: Identifier 'uvm_default' is not declared
    at line 28 in E:\Course\Lund\ICP\ICP2\ICP2_verify\top_tb\agent\cosim_agent\ibex_rvfi_seq_item.sv [compile index 153]
*** Error: UNDECLARED_IDENTIFIER: Identifier 'UVM_NOCOPY' is not declared
    at line 28 in E:\Course\Lund\ICP\ICP2\ICP2_verify\top_tb\agent\cosim_agent\ibex_rvfi_seq_item.sv [compile index 153]
*** Error: UNDECLARED_IDENTIFIER: Identifier 'UVM_NOCOMPARE' is not declared
    at line 28 in E:\Course\Lund\ICP\ICP2\ICP2_verify\top_tb\agent\cosim_agent\ibex_rvfi_seq_item.sv [compile index 153]
*** Error: UNDECLARED_IDENTIFIER: Identifier 'UVM_NOPACK' is not declared
    at line 28 in E:\Course\Lund\ICP\ICP2\ICP2_verify\top_tb\agent\cosim_agent\ibex_rvfi_seq_item.sv [compile index 153]
*** Error: UNDECLARED_IDENTIFIER: Identifier 'UVM_NORECORD' is not declared
    at line 28 in E:\Course\Lund\ICP\ICP2\ICP2_verify\top_tb\agent\cosim_agent\ibex_rvfi_seq_item.sv [compile index 153]
*** Error: UNDECLARED_IDENTIFIER: Identifier 'uvm_radix_enum' is not declared
    at line 28 in E:\Course\Lund\ICP\ICP2\ICP2_verify\top_tb\agent\cosim_agent\ibex_rvfi_seq_item.sv [compile index 153]
*** Error: UNDECLARED_IDENTIFIER: Identifier 'UVM_RADIX' is not declared
    at line 28 in E:\Course\Lund\ICP\ICP2\ICP2_verify\top_tb\agent\cosim_agent\ibex_rvfi_seq_item.sv [compile index 153]
*** Error: UNDECLARED_IDENTIFIER: Identifier 'UVM_NOPRINT' is not declared
    at line 28 in E:\Course\Lund\ICP\ICP2\ICP2_verify\top_tb\agent\cosim_agent\ibex_rvfi_seq_item.sv [compile index 153]
*** Error: UNDECLARED_IDENTIFIER: Identifier 'uvm_is_match' is not declared
    at line 28 in E:\Course\Lund\ICP\ICP2\ICP2_verify\top_tb\agent\cosim_agent\ibex_rvfi_seq_item.sv [compile index 153]
*** Error: UNDECLARED_IDENTIFIER: Identifier 'UVM_READONLY' is not declared
    at line 28 in E:\Course\Lund\ICP\ICP2\ICP2_verify\top_tb\agent\cosim_agent\ibex_rvfi_seq_item.sv [compile index 153]
*** Error: UNDECLARED_IDENTIFIER: Identifier 'UVM_NONE' is not declared
    at line 28 in E:\Course\Lund\ICP\ICP2\ICP2_verify\top_tb\agent\cosim_agent\ibex_rvfi_seq_item.sv [compile index 153]
*** Error: UNDECLARED_IDENTIFIER: Identifier 'UVM_LOW' is not declared
    at line 28 in E:\Course\Lund\ICP\ICP2\ICP2_verify\top_tb\agent\cosim_agent\ibex_rvfi_seq_item.sv [compile index 153]
*** Error: UNDECLARED_IDENTIFIER: Identifier 'UVM_CHECK_FIELDS' is not declared
    at line 29 in E:\Course\Lund\ICP\ICP2\ICP2_verify\top_tb\agent\cosim_agent\ibex_rvfi_seq_item.sv [compile index 153]
*** Error: UNDECLARED_IDENTIFIER: Identifier 'UVM_COPY' is not declared
    at line 29 in E:\Course\Lund\ICP\ICP2\ICP2_verify\top_tb\agent\cosim_agent\ibex_rvfi_seq_item.sv [compile index 153]
*** Error: UNDECLARED_IDENTIFIER: Identifier 'UVM_COMPARE' is not declared
    at line 29 in E:\Course\Lund\ICP\ICP2\ICP2_verify\top_tb\agent\cosim_agent\ibex_rvfi_seq_item.sv [compile index 153]
*** Error: UNDECLARED_IDENTIFIER: Identifier 'UVM_PACK' is not declared
    at line 29 in E:\Course\Lund\ICP\ICP2\ICP2_verify\top_tb\agent\cosim_agent\ibex_rvfi_seq_item.sv [compile index 153]
*** Error: UNDECLARED_IDENTIFIER: Identifier 'UVM_UNPACK' is not declared
    at line 29 in E:\Course\Lund\ICP\ICP2\ICP2_verify\top_tb\agent\cosim_agent\ibex_rvfi_seq_item.sv [compile index 153]
*** Error: UNDECLARED_IDENTIFIER: Identifier 'UVM_RECORD' is not declared
    at line 29 in E:\Course\Lund\ICP\ICP2\ICP2_verify\top_tb\agent\cosim_agent\ibex_rvfi_seq_item.sv [compile index 153]
*** Error: UNDECLARED_IDENTIFIER: Identifier 'UVM_PRINT' is not declared
    at line 29 in E:\Course\Lund\ICP\ICP2\ICP2_verify\top_tb\agent\cosim_agent\ibex_rvfi_seq_item.sv [compile index 153]
*** Error: UNDECLARED_IDENTIFIER: Identifier 'UVM_SETINT' is not declared
    at line 29 in E:\Course\Lund\ICP\ICP2\ICP2_verify\top_tb\agent\cosim_agent\ibex_rvfi_seq_item.sv [compile index 153]
*** Error: UNDECLARED_IDENTIFIER: Identifier 'uvm_default' is not declared
    at line 29 in E:\Course\Lund\ICP\ICP2\ICP2_verify\top_tb\agent\cosim_agent\ibex_rvfi_seq_item.sv [compile index 153]
*** Error: UNDECLARED_IDENTIFIER: Identifier 'UVM_NOCOPY' is not declared
    at line 29 in E:\Course\Lund\ICP\ICP2\ICP2_verify\top_tb\agent\cosim_agent\ibex_rvfi_seq_item.sv [compile index 153]
*** Error: UNDECLARED_IDENTIFIER: Identifier 'UVM_NOCOMPARE' is not declared
    at line 29 in E:\Course\Lund\ICP\ICP2\ICP2_verify\top_tb\agent\cosim_agent\ibex_rvfi_seq_item.sv [compile index 153]
*** Error: UNDECLARED_IDENTIFIER: Identifier 'UVM_NOPACK' is not declared
    at line 29 in E:\Course\Lund\ICP\ICP2\ICP2_verify\top_tb\agent\cosim_agent\ibex_rvfi_seq_item.sv [compile index 153]
*** Error: UNDECLARED_IDENTIFIER: Identifier 'UVM_NORECORD' is not declared
    at line 29 in E:\Course\Lund\ICP\ICP2\ICP2_verify\top_tb\agent\cosim_agent\ibex_rvfi_seq_item.sv [compile index 153]
*** Error: UNDECLARED_IDENTIFIER: Identifier 'uvm_radix_enum' is not declared
    at line 29 in E:\Course\Lund\ICP\ICP2\ICP2_verify\top_tb\agent\cosim_agent\ibex_rvfi_seq_item.sv [compile index 153]
*** Error: UNDECLARED_IDENTIFIER: Identifier 'UVM_RADIX' is not declared
    at line 29 in E:\Course\Lund\ICP\ICP2\ICP2_verify\top_tb\agent\cosim_agent\ibex_rvfi_seq_item.sv [compile index 153]
*** Error: UNDECLARED_IDENTIFIER: Identifier 'UVM_NOPRINT' is not declared
    at line 29 in E:\Course\Lund\ICP\ICP2\ICP2_verify\top_tb\agent\cosim_agent\ibex_rvfi_seq_item.sv [compile index 153]
*** Error: NON_EXISTING_TYPE: Non existing type 'mem_agent'
    at line 7 in E:\Course\Lund\ICP\ICP2\ICP2_verify\top_tb\tb\env\top_env.svh [compile index 178]
*** Error: ILLEGAL_CUNIT_REFERENCE: Reference to compilation unit identifier 'top_cosim_config' not allowed in package
    at line 10 in E:\Course\Lund\ICP\ICP2\ICP2_verify\top_tb\tb\env\top_env.svh [compile index 178]
*** Error: ILLEGAL_CUNIT_REFERENCE: Reference to compilation unit identifier 'top_cosim_config' not allowed in package
    at line 23 in E:\Course\Lund\ICP\ICP2\ICP2_verify\top_tb\tb\env\top_env.svh [compile index 178]
*** Error: NON_EXISTING_TYPE: Non existing type 'mem_agent'
    at line 28 in E:\Course\Lund\ICP\ICP2\ICP2_verify\top_tb\tb\env\top_env.svh [compile index 178]
*** Error: UNDECLARED_IDENTIFIER: Identifier 'mem_agent_config' is not declared
    at line 32 in E:\Course\Lund\ICP\ICP2\ICP2_verify\top_tb\tb\env\top_env.svh [compile index 178]
*** Error: UNDECLARED_IDENTIFIER: Identifier 'DATA_WIDTH' is not declared
    at line 47 in E:\Course\Lund\ICP\ICP2\ICP2_verify\top_tb\tb\env\top_env.svh [compile index 178]
*** Error: UNDECLARED_IDENTIFIER: Identifier 'DATA_WIDTH' is not declared
    at line 48 in E:\Course\Lund\ICP\ICP2\ICP2_verify\top_tb\tb\env\top_env.svh [compile index 178]
*** Error: USAGE_BEFORE_DECLARATION: Element 'ibex_rvfi_seq_item' is used before being declared
    at line 2 in E:\Course\Lund\ICP\ICP2\ICP2_verify\top_tb\agent\cosim_agent\ibex_rvfi_seq_item.sv
    at line 6 in E:\Course\Lund\ICP\ICP2\ICP2_verify\top_tb\agent\cosim_agent\ibex_rvfi_monitor.sv [compile index 152]
*** Error: USAGE_BEFORE_DECLARATION: Element 'ibex_rvfi_seq_item' is used before being declared
    at line 2 in E:\Course\Lund\ICP\ICP2\ICP2_verify\top_tb\agent\cosim_agent\ibex_rvfi_seq_item.sv
    at line 24 in E:\Course\Lund\ICP\ICP2\ICP2_verify\top_tb\agent\cosim_agent\ibex_rvfi_monitor.sv [compile index 152]
*** Error: NON_EXISTING_TYPE: Non existing type 'rvfi_if'
    at line 5 in E:\Course\Lund\ICP\ICP2\ICP2_verify\top_tb\agent\cosim_agent\ibex_rvfi_monitor.sv [compile index 152]
*** Error: USAGE_BEFORE_DECLARATION: Element 'ibex_rvfi_seq_item' is used before being declared
    at line 2 in E:\Course\Lund\ICP\ICP2\ICP2_verify\top_tb\agent\cosim_agent\ibex_rvfi_seq_item.sv
    at line 18 in E:\Course\Lund\ICP\ICP2\ICP2_verify\top_tb\agent\cosim_agent\ibex_rvfi_monitor.sv [compile index 152]
*** Error: METHOD_CALL_ARGUMENTS: Expecting minimum '2' arguments when calling 'new', found '1'
    at line 12 in E:\Course\Lund\ICP\ICP2\ICP2_verify\top_tb\agent\cosim_agent\ibex_rvfi_monitor.sv [compile index 152]
*** Error: UNDECLARED_IDENTIFIER: Identifier 'rvfi_if' is not declared
    at line 13 in E:\Course\Lund\ICP\ICP2\ICP2_verify\top_tb\agent\cosim_agent\ibex_rvfi_monitor.sv [compile index 152]
*** Error: UNDECLARED_IDENTIFIER: Identifier 'UVM_NONE' is not declared
    at line 14 in E:\Course\Lund\ICP\ICP2\ICP2_verify\top_tb\agent\cosim_agent\ibex_rvfi_monitor.sv [compile index 152]
*** Error: UNDECLARED_IDENTIFIER: Identifier 'UVM_FATAL' is not declared
    at line 14 in E:\Course\Lund\ICP\ICP2\ICP2_verify\top_tb\agent\cosim_agent\ibex_rvfi_monitor.sv [compile index 152]
*** Error: UNDECLARED_IDENTIFIER: Identifier 'monitor_cb' is not a member of 'vif' (type 'rvfi_if' is undeclared)
    at line 20 in E:\Course\Lund\ICP\ICP2\ICP2_verify\top_tb\agent\cosim_agent\ibex_rvfi_monitor.sv [compile index 152]
*** Error: UNDECLARED_IDENTIFIER: Identifier 'monitor_cb' is not a member of 'vif' (type 'rvfi_if' is undeclared)
    at line 22 in E:\Course\Lund\ICP\ICP2\ICP2_verify\top_tb\agent\cosim_agent\ibex_rvfi_monitor.sv [compile index 152]
*** Error: UNDECLARED_IDENTIFIER: Identifier 'monitor_cb' is not a member of 'vif' (type 'rvfi_if' is undeclared)
    at line 25 in E:\Course\Lund\ICP\ICP2\ICP2_verify\top_tb\agent\cosim_agent\ibex_rvfi_monitor.sv [compile index 152]
*** Error: UNDECLARED_IDENTIFIER: Identifier 'monitor_cb' is not a member of 'vif' (type 'rvfi_if' is undeclared)
    at line 26 in E:\Course\Lund\ICP\ICP2\ICP2_verify\top_tb\agent\cosim_agent\ibex_rvfi_monitor.sv [compile index 152]
*** Error: UNDECLARED_IDENTIFIER: Identifier 'monitor_cb' is not a member of 'vif' (type 'rvfi_if' is undeclared)
    at line 27 in E:\Course\Lund\ICP\ICP2\ICP2_verify\top_tb\agent\cosim_agent\ibex_rvfi_monitor.sv [compile index 152]
*** Error: UNDECLARED_IDENTIFIER: Identifier 'monitor_cb' is not a member of 'vif' (type 'rvfi_if' is undeclared)
    at line 28 in E:\Course\Lund\ICP\ICP2\ICP2_verify\top_tb\agent\cosim_agent\ibex_rvfi_monitor.sv [compile index 152]
*** Error: UNDECLARED_IDENTIFIER: Identifier 'monitor_cb' is not a member of 'vif' (type 'rvfi_if' is undeclared)
    at line 29 in E:\Course\Lund\ICP\ICP2\ICP2_verify\top_tb\agent\cosim_agent\ibex_rvfi_monitor.sv [compile index 152]
*** Error: UNDECLARED_IDENTIFIER: Identifier 'monitor_cb' is not a member of 'vif' (type 'rvfi_if' is undeclared)
    at line 30 in E:\Course\Lund\ICP\ICP2\ICP2_verify\top_tb\agent\cosim_agent\ibex_rvfi_monitor.sv [compile index 152]
*** Error: UNDECLARED_IDENTIFIER: Identifier 'monitor_cb' is not a member of 'vif' (type 'rvfi_if' is undeclared)
    at line 31 in E:\Course\Lund\ICP\ICP2\ICP2_verify\top_tb\agent\cosim_agent\ibex_rvfi_monitor.sv [compile index 152]
*** Error: UNDECLARED_IDENTIFIER: Identifier 'monitor_cb' is not a member of 'vif' (type 'rvfi_if' is undeclared)
    at line 32 in E:\Course\Lund\ICP\ICP2\ICP2_verify\top_tb\agent\cosim_agent\ibex_rvfi_monitor.sv [compile index 152]
*** Error: UNDECLARED_IDENTIFIER: Identifier 'monitor_cb' is not a member of 'vif' (type 'rvfi_if' is undeclared)
    at line 33 in E:\Course\Lund\ICP\ICP2\ICP2_verify\top_tb\agent\cosim_agent\ibex_rvfi_monitor.sv [compile index 152]
*** Error: UNDECLARED_IDENTIFIER: Identifier 'monitor_cb' is not a member of 'vif' (type 'rvfi_if' is undeclared)
    at line 34 in E:\Course\Lund\ICP\ICP2\ICP2_verify\top_tb\agent\cosim_agent\ibex_rvfi_monitor.sv [compile index 152]
*** Error: UNDECLARED_IDENTIFIER: Identifier 'monitor_cb' is not a member of 'vif' (type 'rvfi_if' is undeclared)
    at line 35 in E:\Course\Lund\ICP\ICP2\ICP2_verify\top_tb\agent\cosim_agent\ibex_rvfi_monitor.sv [compile index 152]
*** Error: UNDECLARED_IDENTIFIER: Identifier 'monitor_cb' is not a member of 'vif' (type 'rvfi_if' is undeclared)
    at line 36 in E:\Course\Lund\ICP\ICP2\ICP2_verify\top_tb\agent\cosim_agent\ibex_rvfi_monitor.sv [compile index 152]
*** Error: UNDECLARED_IDENTIFIER: Identifier 'monitor_cb' is not a member of 'vif' (type 'rvfi_if' is undeclared)
    at line 37 in E:\Course\Lund\ICP\ICP2\ICP2_verify\top_tb\agent\cosim_agent\ibex_rvfi_monitor.sv [compile index 152]
*** Error: UNDECLARED_IDENTIFIER: Identifier 'monitor_cb' is not a member of 'vif' (type 'rvfi_if' is undeclared)
    at line 38 in E:\Course\Lund\ICP\ICP2\ICP2_verify\top_tb\agent\cosim_agent\ibex_rvfi_monitor.sv [compile index 152]
*** Error: UNDECLARED_IDENTIFIER: Identifier 'wait_clks' is not a member of 'vif' (type 'rvfi_if' is undeclared)
    at line 23 in E:\Course\Lund\ICP\ICP2\ICP2_verify\top_tb\agent\cosim_agent\ibex_rvfi_monitor.sv [compile index 152]
*** Error: UNDECLARED_IDENTIFIER: Identifier 'monitor_cb' is not a member of 'vif' (type 'rvfi_if' is undeclared)
    at line 41 in E:\Course\Lund\ICP\ICP2\ICP2_verify\top_tb\agent\cosim_agent\ibex_rvfi_monitor.sv [compile index 152]
*** Error: UNDECLARED_IDENTIFIER: Identifier 'monitor_cb' is not a member of 'vif' (type 'rvfi_if' is undeclared)
    at line 42 in E:\Course\Lund\ICP\ICP2\ICP2_verify\top_tb\agent\cosim_agent\ibex_rvfi_monitor.sv [compile index 152]
*** Error: UNDECLARED_IDENTIFIER: Identifier 'UVM_HIGH' is not declared
    at line 45 in E:\Course\Lund\ICP\ICP2\ICP2_verify\top_tb\agent\cosim_agent\ibex_rvfi_monitor.sv [compile index 152]
*** Error: UNDECLARED_IDENTIFIER: Identifier 'UVM_INFO' is not declared
    at line 45 in E:\Course\Lund\ICP\ICP2\ICP2_verify\top_tb\agent\cosim_agent\ibex_rvfi_monitor.sv [compile index 152]
*** Error: OVERRIDE_VIRTUAL_METHOD: Return data type 'logic' for method 'ibex_rvfi_monitor.build_phase' does not match 'void' of overridden 'uvm_component.build_phase'
    at line 11 in E:\Course\Lund\ICP\ICP2\ICP2_verify\top_tb\agent\cosim_agent\ibex_rvfi_monitor.sv [compile index 152]
*** Error: ILLEGAL_ASSIGNMENT: Illegal assignment of 'uvm_phase' to argument 'name' of type 'string'
    at line 12 in E:\Course\Lund\ICP\ICP2\ICP2_verify\top_tb\agent\cosim_agent\ibex_rvfi_monitor.sv [compile index 152]
*** Error: USAGE_BEFORE_DECLARATION: Element 'control_type' is used before being declared
    at line 76 in E:\Course\Lund\ICP\ICP2\ICP2_verify\top_tb\tb\rtl\common.sv
    at line 5 in E:\Course\Lund\ICP\ICP2\ICP2_verify\top_tb\tb\agents\mem_agent\mem_if.sv [compile index 181]
*** Error: USAGE_BEFORE_DECLARATION: Element 'control_type' is used before being declared
    at line 76 in E:\Course\Lund\ICP\ICP2\ICP2_verify\top_tb\tb\rtl\common.sv
    at line 5 in E:\Course\Lund\ICP\ICP2\ICP2_verify\top_tb\tb\agents\mem_agent\mem_seq_item.svh [compile index 156]
*** Error: NON_EXISTING_TYPE: Non existing type 'mem_model'
    at line 29 in E:\Course\Lund\ICP\ICP2\ICP2_verify\top_tb\tb\step_test.sv [compile index 168]
*** Error: UNDECLARED_IDENTIFIER: Identifier 'new' is not a member of 'mem' (type 'mem_model' is undeclared)
    at line 103 in E:\Course\Lund\ICP\ICP2\ICP2_verify\top_tb\tb\step_test.sv [compile index 168]
*** Error: UNDECLARED_IDENTIFIER: Identifier 'get_written_bytes' is not a member of 'mem' (type 'mem_model' is undeclared)
    at line 109 in E:\Course\Lund\ICP\ICP2\ICP2_verify\top_tb\tb\step_test.sv [compile index 168]
*** Error: NON_EXISTING_TYPE: Non existing type 'mem_agent_config'
    at line 4 in E:\Course\Lund\ICP\ICP2\ICP2_verify\top_tb\tb\env\top_env_config.svh [compile index 176]
*** Done mixed mode extension build [851 ms] ***
*** Start adding/validating the DVT Auto-Linked resources ***
*** Done adding/validating the DVT Auto-Linked resources [4 ms] ***
*** Total build time [1s.633ms] ***
