{
    "cycles_program_begin": 652558843161797,
    "cpu_cycles_pass2_start": 652570665564284,
    "perf": [
        {
            "stat": [
                "main",
                "entry",
                0.01247096061706543,
                0.025659000000000001,
                0.017106,
                200760,
                200760,
                0.0,
                0.0,
                1761069951.1216381,
                652558843494905
            ],
            "sub": [
                {
                    "stat": [
                        "doParsingAndDesignResolution",
                        "entry",
                        0.14325284957885742,
                        0.028490000000000001,
                        0.028041,
                        209776,
                        210576,
                        0.0,
                        0.0,
                        1761069951.2524199,
                        652559339499279
                    ],
                    "sub": []
                },
                {
                    "stat": [
                        "doParsingAndDesignResolution",
                        "exit",
                        1.0124328136444092,
                        0.78641499999999998,
                        0.46937800000000002,
                        352512,
                        382628,
                        0.0,
                        0.0,
                        1761069952.1215999,
                        652562636329233
                    ],
                    "sub": []
                },
                {
                    "stat": [
                        "doPostDesignResolutionToVir2Vcs",
                        "entry",
                        1.0340588092803955,
                        0.80337899999999995,
                        0.47137000000000001,
                        338496,
                        382628,
                        0.002653,
                        0.0,
                        1761069952.1432259,
                        652562718321320
                    ],
                    "sub": [
                        {
                            "stat": [
                                "doUptoVir2VcsNoSepCleanup",
                                "entry",
                                1.4570198059082031,
                                1.2202120000000001,
                                0.47747400000000001,
                                338816,
                                382628,
                                0.100789,
                                0.096155000000000004,
                                1761069952.5661869,
                                652564322604729
                            ],
                            "sub": []
                        },
                        {
                            "stat": [
                                "doUptoVir2VcsNoSepCleanup",
                                "exit",
                                2.9304878711700439,
                                2.6488830000000001,
                                0.50877899999999998,
                                346412,
                                382628,
                                0.108844,
                                0.100994,
                                1761069954.039655,
                                652569911370950
                            ],
                            "sub": []
                        },
                        {
                            "stat": [
                                "doRadify_vir2vcsAll",
                                "entry",
                                2.930574893951416,
                                2.6489579999999999,
                                0.50879300000000005,
                                346412,
                                382628,
                                0.108844,
                                0.100994,
                                1761069954.039742,
                                652569911520366
                            ],
                            "sub": []
                        },
                        {
                            "stat": [
                                "doRadify_vir2vcsAll",
                                "exit",
                                3.0977168083190918,
                                2.7956569999999998,
                                0.52923500000000001,
                                367592,
                                382628,
                                0.108844,
                                0.100994,
                                1761069954.2068839,
                                652570546019096
                            ],
                            "sub": []
                        }
                    ]
                },
                {
                    "stat": [
                        "doPostDesignResolutionToVir2Vcs",
                        "exit",
                        3.0978789329528809,
                        2.7958220000000003,
                        0.52923500000000001,
                        367592,
                        382628,
                        0.108844,
                        0.100994,
                        1761069954.207046,
                        652570546106876
                    ],
                    "sub": []
                },
                {
                    "stat": [
                        "doGAToPass2",
                        "entry",
                        3.0978999137878418,
                        2.7958430000000001,
                        0.52923500000000001,
                        367592,
                        382628,
                        0.108844,
                        0.100994,
                        1761069954.207067,
                        652570546162280
                    ],
                    "sub": [
                        {
                            "stat": [
                                "DoPass2",
                                "entry",
                                3.1293458938598633,
                                2.807525,
                                0.52923500000000001,
                                362660,
                                382628,
                                0.114804,
                                0.115095,
                                1761069954.238513,
                                652570665546158
                            ],
                            "sub": []
                        },
                        {
                            "stat": [
                                "DoPass2",
                                "exit",
                                3.8572080135345459,
                                3.5100690000000001,
                                0.55210000000000004,
                                364608,
                                382628,
                                0.117145,
                                0.115095,
                                1761069954.9663751,
                                652573426242738
                            ],
                            "sub": []
                        }
                    ]
                },
                {
                    "stat": [
                        "doGAToPass2",
                        "exit",
                        3.8651478290557861,
                        3.5105200000000001,
                        0.559589,
                        364608,
                        382628,
                        0.117145,
                        0.115095,
                        1761069954.9743149,
                        652573456439058
                    ],