{
    "cycles_program_begin": 536146010974758,
    "cpu_cycles_pass2_start": 536161757177014,
    "perf": [
        {
            "sub": [
                {
                    "sub": [],
                    "stat": [
                        "doParsingAndDesignResolution",
                        "entry",
                        0.13722085952758789,
                        0.033710999999999998,
                        0.018728000000000002,
                        209792,
                        210592,
                        0.0,
                        0.0,
                        1763371455.8578069,
                        536146485621572
                    ]
                },
                {
                    "sub": [],
                    "stat": [
                        "doParsingAndDesignResolution",
                        "exit",
                        1.1996779441833496,
                        0.87461,
                        0.591171,
                        360476,
                        384528,
                        0.0,
                        0.0,
                        1763371456.920264,
                        536150515723099
                    ]
                },
                {
                    "sub": [
                        {
                            "sub": [],
                            "stat": [
                                "doUptoVir2VcsNoSepCleanup",
                                "entry",
                                1.7899010181427002,
                                1.40324,
                                0.63489499999999999,
                                347420,
                                384528,
                                0.0,
                                0.0026740000000000002,
                                1763371457.5104871,
                                536152754208225
                            ]
                        },
                        {
                            "sub": [],
                            "stat": [
                                "doUptoVir2VcsNoSepCleanup",
                                "exit",
                                3.6862690448760986,
                                3.075339,
                                0.77288100000000004,
                                373028,
                                384528,
                                0.0094269999999999996,
                                0.0078530000000000006,
                                1763371459.4068551,
                                536159946948733
                            ]
                        },
                        {
                            "sub": [],
                            "stat": [
                                "doRadify_vir2vcsAll",
                                "entry",
                                3.6865198612213135,
                                3.0755400000000002,
                                0.77293100000000003,
                                373028,
                                384528,
                                0.111842,
                                0.34292899999999998,
                                1763371459.4071059,
                                536159947724586
                            ]
                        },
                        {
                            "sub": [],
                            "stat": [
                                "doRadify_vir2vcsAll",
                                "exit",
                                3.9623098373413086,
                                3.1436980000000001,
                                0.97507200000000005,
                                383492,
                                384528,
                                0.111842,
                                0.34292899999999998,
                                1763371459.6828959,
                                536160994183025
                            ]
                        }
                    ],
                    "stat": [
                        "doPostDesignResolutionToVir2Vcs",
                        "entry",
                        1.225632905960083,
                        0.89669100000000002,
                        0.59238400000000002,
                        346460,
                        384528,
                        0.0,
                        0.0026740000000000002,
                        1763371456.946219,
                        536150613888511
                    ]
                },
                {
                    "sub": [],
                    "stat": [
                        "doPostDesignResolutionToVir2Vcs",
                        "exit",
                        3.9624419212341309,
                        3.1438000000000001,
                        0.97510399999999997,
                        383492,
                        384528,
                        0.111842,
                        0.34292899999999998,
                        1763371459.683028,
                        536160994265637
                    ]
                },
                {
                    "sub": [
                        {
                            "sub": [],
                            "stat": [
                                "DoPass2",
                                "entry",
                                4.1635458469390869,
                                3.1559010000000001,
                                0.97788399999999998,
                                378560,
                                384528,
                                0.119196,
                                0.45937899999999998,
                                1763371459.8841319,
                                536161757160864
                            ]
                        },
                        {
                            "sub": [],
                            "stat": [
                                "DoPass2",
                                "exit",
                                7.0474109649658203,
                                5.2309130000000001,
                                1.7329159999999999,
                                380508,
                                384528,
                                0.121657,
                                0.45937899999999998,
                                1763371462.767997,
                                536172695357129
                            ]
                        }
                    ],
                    "stat": [
                        "doGAToPass2",
                        "entry",
                        3.9624600410461426,
                        3.1438139999999999,
                        0.97510799999999997,
                        383492,
                        384528,
                        0.111842,
                        0.34292899999999998,
                        1763371459.6830461,
                        536160994324537
                    ]
                },
                {
                    "sub": [],
                    "stat": [
                        "doGAToPass2",
                        "exit",
                        7.0549249649047852,
                        5.2345379999999997,
                        1.7368049999999999,
                        380508,
                        384528,
                        0.121657,
                        0.45937899999999998,
                        1763371462.775511,
                        536172723876861
                    ]
                }
            ],
            "stat": [
                "main",
                "entry",
                0.012156963348388672,
                0.028403999999999999,
                0.012173,
                200760,
                200760,
                0.0,
                0.0,
                1763371455.732743,
                536146011312388
            ]
        },
        {
            "sub": [],